Code établissement,Appellation officielle,Dénomination principale,Patronyme uai,Secteur Public/Privé,Adresse,Lieu dit,Boite postale,Code postal,Localite d'acheminement,Commune,Coordonnee X,Coordonnee Y,EPSG,Latitude,Longitude,Qualité d'appariement,Localisation,Code nature,Nature,Code état établissement,Etat établissement,Code département,Code région,Code académie,Code commune,Département,Région,Académie,Position,secteur_prive_code_type_contrat,secteur_prive_libelle_type_contrat,code_ministere,libelle_ministere,date_ouverture
0230020X,Lycée général et technologique Pierre Bourdan,LYCEE GENERAL ET TECHNOLOGIQUE,PIERRE BOURDAN,Public,10 place MOLIERE,,,23000,GUERET,Guéret,612925.8,6564169.5,EPSG:2154,46.171753409000786,1.8713469135372802,Parfaite,Numéro de rue,300,LYCEE ENSEIGNT GENERAL ET TECHNOLOGIQUE,1,OUVERT,23,75,22,23096,Creuse,Nouvelle-Aquitaine,Limoges,"46.171753409,1.87134691354",99,SANS OBJET,06,MINISTERE DE L'EDUCATION NATIONALE,1965-05-01
0230032K,Collège Raymond Loewy,COLLEGE,RAYMOND LOEWY,Public,1 place DE FILDERSTADT,,,23300,LA SOUTERRAINE,La Souterraine,583273.2,6572271.6,EPSG:2154,46.24023188876845,1.4850584475632838,Correcte,Numéro de rue,340,COLLEGE,1,OUVERT,23,75,22,23176,Creuse,Nouvelle-Aquitaine,Limoges,"46.2402318888,1.48505844756",99,SANS OBJET,06,MINISTERE DE L'EDUCATION NATIONALE,1965-11-22
0230051F,Lycée polyvalent Jean Favard,LYCEE POLYVALENT,JEAN FAVARD,Public,27 route DE COURTILLE,,,23000,GUERET,Guéret,611714.7,6563729.5,EPSG:2154,46.16763472828431,1.8557334973159072,Parfaite,Numéro de rue,306,LYCEE POLYVALENT,1,OUVERT,23,75,22,23096,Creuse,Nouvelle-Aquitaine,Limoges,"46.1676347283,1.85573349732",99,SANS OBJET,06,MINISTERE DE L'EDUCATION NATIONALE,1968-03-12
0230074F,Ecole primaire,ECOLE PRIMAIRE PUBLIQUE,,Public,,LE BOURG,,23200,NEOUX,Néoux,642538.5,6535299.7,EPSG:2154,45.91495848273613,2.258670431591596,Correcte,Ville,151,ECOLE DE NIVEAU ELEMENTAIRE,1,OUVERT,23,75,22,23142,Creuse,Nouvelle-Aquitaine,Limoges,"45.9149584827,2.25867043159",99,SANS OBJET,06,MINISTERE DE L'EDUCATION NATIONALE,1967-09-01
0230078K,Ecole primaire,ECOLE PRIMAIRE PUBLIQUE,,Public,,LE BOURG,,23200,ST MAIXANT,Saint-Maixant,638717.8,6544119.3,EPSG:2154,45.994040605868435,2.208240646722234,Correcte,Ville,151,ECOLE DE NIVEAU ELEMENTAIRE,1,OUVERT,23,75,22,23210,Creuse,Nouvelle-Aquitaine,Limoges,"45.9940406059,2.20824064672",99,SANS OBJET,06,MINISTERE DE L'EDUCATION NATIONALE,1967-09-01
0230090Y,Ecole primaire,ECOLE PRIMAIRE PUBLIQUE,,Public,Route de Charensat,,,23700,DONTREIX,Dontreix,665977.6,6542926.1,EPSG:2154,45.98521002235404,2.5605099079464564,Parfaite,Numéro de rue,151,ECOLE DE NIVEAU ELEMENTAIRE,1,OUVERT,23,75,22,23073,Creuse,Nouvelle-Aquitaine,Limoges,"45.9852100224,2.56050990795",99,SANS OBJET,06,MINISTERE DE L'EDUCATION NATIONALE,1967-09-01
0230108T,Ecole primaire,ECOLE PRIMAIRE PUBLIQUE,,Public,12 GRANDE RUE,Grande Rue,,23600,ST MARIEN,Saint-Marien,640715.6,6591393.3,EPSG:2154,46.4198911977417,2.2280797290604517,Parfaite,Numéro de rue,151,ECOLE DE NIVEAU ELEMENTAIRE,1,OUVERT,23,75,22,23213,Creuse,Nouvelle-Aquitaine,Limoges,"46.4198911977,2.22807972906",99,SANS OBJET,06,MINISTERE DE L'EDUCATION NATIONALE,1967-09-01
0230111W,Ecole primaire,ECOLE PRIMAIRE,,Public,10 rue des Ecoles,,,23600,SOUMANS,Soumans,646854.7,6578217.0,EPSG:2154,46.30175976149538,2.309510568039612,Parfaite,Numéro de rue,151,ECOLE DE NIVEAU ELEMENTAIRE,1,OUVERT,23,75,22,23174,Creuse,Nouvelle-Aquitaine,Limoges,"46.3017597615,2.30951056804",99,SANS OBJET,06,MINISTERE DE L'EDUCATION NATIONALE,1967-09-01
0230126M,Ecole primaire,ECOLE PRIMAIRE PUBLIQUE,,Public,2 rue de la Brande,,,23170,VIERSAT,Viersat,656060.5,6574616.8,EPSG:2154,46.27000375998616,2.4294501452898385,Parfaite,Numéro de rue,151,ECOLE DE NIVEAU ELEMENTAIRE,1,OUVERT,23,75,22,23261,Creuse,Nouvelle-Aquitaine,Limoges,"46.27000376,2.42945014529",99,SANS OBJET,06,MINISTERE DE L'EDUCATION NATIONALE,1967-09-01
0230167G,Ecole primaire,ECOLE PRIMAIRE,,Public,,LE BOURG,,23210,MOURIOUX VIEILLEVILLE,Mourioux-Vieilleville,595301.6,6553933.4,EPSG:2154,46.07709428428333,1.6452199069069569,Correcte,Ville,151,ECOLE DE NIVEAU ELEMENTAIRE,1,OUVERT,23,75,22,23137,Creuse,Nouvelle-Aquitaine,Limoges,"46.0770942843,1.64521990691",99,SANS OBJET,06,MINISTERE DE L'EDUCATION NATIONALE,1967-09-01
0230188E,Ecole maternelle Camille Riffatterre,ECOLE MATERNELLE PUBLIQUE,CAMILLE RIFFATERRE,Public,5 place du Champ de Foire,,,23400,BOURGANEUF,Bourganeuf,603868.1,6540166.7,EPSG:2154,45.95441096031655,1.7588496925060582,Parfaite,Numéro de rue,101,ECOLE MATERNELLE,1,OUVERT,23,75,22,23030,Creuse,Nouvelle-Aquitaine,Limoges,"45.9544109603,1.75884969251",99,SANS OBJET,06,MINISTERE DE L'EDUCATION NATIONALE,1967-09-01
0230194L,Ecole primaire,ECOLE PRIMAIRE PUBLIQUE,,Public,,LE BOURG,,23400,MONTBOUCHER,Montboucher,597820.3,6539986.2,EPSG:2154,45.951902899741334,1.6808201190189405,Correcte,Ville,151,ECOLE DE NIVEAU ELEMENTAIRE,1,OUVERT,23,75,22,23133,Creuse,Nouvelle-Aquitaine,Limoges,"45.9519028997,1.68082011902",99,SANS OBJET,06,MINISTERE DE L'EDUCATION NATIONALE,1967-09-01
0230200T,Ecole primaire,ECOLE PRIMAIRE PUBLIQUE,,Public,,LE BOURG,,23430,ST PIERRE CHERIGNAT,Saint-Pierre-Chérignat,592663.0,6542417.3,EPSG:2154,45.972996003120876,1.6136997285836956,Correcte,Ville,151,ECOLE DE NIVEAU ELEMENTAIRE,1,OUVERT,23,75,22,23230,Creuse,Nouvelle-Aquitaine,Limoges,"45.9729960031,1.61369972858",99,SANS OBJET,06,MINISTERE DE L'EDUCATION NATIONALE,1967-09-01
0230215J,Ecole maternelle,ECOLE MATERNELLE PUBLIQUE,,Public,3 rue de Beaumont,,,23500,FELLETIN,Felletin,636066.6,6531960.3,EPSG:2154,45.88431112740716,2.1756298681256485,Parfaite,Numéro de rue,101,ECOLE MATERNELLE,1,OUVERT,23,75,22,23079,Creuse,Nouvelle-Aquitaine,Limoges,"45.8843111274,2.17562986813",99,SANS OBJET,06,MINISTERE DE L'EDUCATION NATIONALE,1968-10-01
0230221R,Ecole primaire,ECOLE PRIMAIRE PUBLIQUE,,Public,,12 rue de l'école,,23500,ST QUENTIN LA CHABANNE,Saint-Quentin-la-Chabanne,634400.1,6529809.8,EPSG:2154,45.864788443449044,2.154440224938812,Moyenne,Ville,151,ECOLE DE NIVEAU ELEMENTAIRE,1,OUVERT,23,75,22,23238,Creuse,Nouvelle-Aquitaine,Limoges,"45.8647884434,2.15444022494",99,SANS OBJET,06,MINISTERE DE L'EDUCATION NATIONALE,1968-10-01
0230229Z,Ecole primaire,ECOLE PRIMAIRE PUBLIQUE,,Public,,LE BOURG,,23500,LA NOUAILLE,La Nouaille,627372.5,6527813.3,EPSG:2154,45.84609744882993,2.0641699688249098,Correcte,Ville,151,ECOLE DE NIVEAU ELEMENTAIRE,1,OUVERT,23,75,22,23144,Creuse,Nouvelle-Aquitaine,Limoges,"45.8460974488,2.06416996882",99,SANS OBJET,06,MINISTERE DE L'EDUCATION NATIONALE,1968-10-01
0230249W,Ecole maternelle Alfred Assolant,ECOLE MATERNELLE PUBLIQUE,ALFRED ASSOLANT,Public,1 rue ALFRED ASSOLANT,,,23000,GUERET,Guéret,612853.2,6564038.8,EPSG:2154,46.17056724702143,1.870430236026191,Parfaite,Numéro de rue,101,ECOLE MATERNELLE,1,OUVERT,23,75,22,23096,Creuse,Nouvelle-Aquitaine,Limoges,"46.170567247,1.87043023603",99,SANS OBJET,06,MINISTERE DE L'EDUCATION NATIONALE,1967-09-01
0230259G,Ecole maternelle,ECOLE MATERNELLE PUBLIQUE,,Public,,LA CHAROULIERE,,23100,LA COURTINE,La Courtine,642703.5,6511352.8,EPSG:2154,45.699342394499034,2.2636798522099633,Correcte,Rue,101,ECOLE MATERNELLE,1,OUVERT,23,75,22,23067,Creuse,Nouvelle-Aquitaine,Limoges,"45.6993423945,2.26367985221",99,SANS OBJET,06,MINISTERE DE L'EDUCATION NATIONALE,1968-10-01
0230271V,Ecole primaire,ECOLE PRIMAIRE PUBLIQUE,,Public,,LE BOURG,,23260,FLAYAT,Flayat,651952.8,6519674.2,EPSG:2154,45.77498721896423,2.381700398896828,Correcte,Ville,151,ECOLE DE NIVEAU ELEMENTAIRE,1,OUVERT,23,75,22,23081,Creuse,Nouvelle-Aquitaine,Limoges,"45.774987219,2.3817003989",99,SANS OBJET,06,MINISTERE DE L'EDUCATION NATIONALE,1967-09-01
0230302D,Ecole maternelle,ECOLE MATERNELLE PUBLIQUE,,Public,,LE BOURG,,23800,VILLARD,Villard,600108.4,6582165.6,EPSG:2154,46.33201161385887,1.7014002424912473,Correcte,Ville,101,ECOLE MATERNELLE,1,OUVERT,23,75,22,23263,Creuse,Nouvelle-Aquitaine,Limoges,"46.3320116139,1.70140024249",99,SANS OBJET,06,MINISTERE DE L'EDUCATION NATIONALE,1967-09-01
0230313R,Ecole maternelle,ECOLE MATERNELLE PUBLIQUE,,Public,Rue des Fossés des Canards,,,23300,LA SOUTERRAINE,La Souterraine,583275.2,6571807.7,EPSG:2154,46.23605567379785,1.4851998846862489,Parfaite,Numéro de rue,101,ECOLE MATERNELLE,1,OUVERT,23,75,22,23176,Creuse,Nouvelle-Aquitaine,Limoges,"46.2360556738,1.48519988469",99,SANS OBJET,06,MINISTERE DE L'EDUCATION NATIONALE,1967-09-01
0230343Y,Ecole maternelle,ECOLE MATERNELLE PUBLIQUE,,Public,2 rue des Ecoles,,,23320,ST VAURY,Saint-Vaury,603958.6,6568142.7,EPSG:2154,46.20631344420206,1.754320332632794,Parfaite,Numéro de rue,101,ECOLE MATERNELLE,1,OUVERT,23,75,22,23247,Creuse,Nouvelle-Aquitaine,Limoges,"46.2063134442,1.75432033263",99,SANS OBJET,06,MINISTERE DE L'EDUCATION NATIONALE,1967-09-01
0230344Z,Ecole primaire,ECOLE PRIMAIRE PUBLIQUE,,Public,8 place de la Mairie,,,23000,ANZEME,Anzême,612555.8,6574802.3,EPSG:2154,46.26744224381003,1.8645699868699013,Parfaite,Numéro de rue,151,ECOLE DE NIVEAU ELEMENTAIRE,1,OUVERT,23,75,22,23004,Creuse,Nouvelle-Aquitaine,Limoges,"46.2674422438,1.86456998687",99,SANS OBJET,06,MINISTERE DE L'EDUCATION NATIONALE,1967-09-01
0230353J,Ecole primaire,ECOLE PRIMAIRE PUBLIQUE,,Public,4 place de l'Eglise,,,23320,ST SILVAIN MONTAIGUT,Saint-Silvain-Montaigut,603596.7,6561008.7,EPSG:2154,46.14202937369818,1.7510905590963515,Parfaite,Numéro de rue,151,ECOLE DE NIVEAU ELEMENTAIRE,1,OUVERT,23,75,22,23242,Creuse,Nouvelle-Aquitaine,Limoges,"46.1420293737,1.7510905591",99,SANS OBJET,06,MINISTERE DE L'EDUCATION NATIONALE,1967-09-01
0230375H,Ecole primaire,ECOLE PRIMAIRE PUBLIQUE,,Public,3 place de la Mairie,,,23000,LA SAUNIERE,La Saunière,617922.7,6559462.5,EPSG:2154,46.129996035391386,1.9369298597318947,Parfaite,Numéro de rue,151,ECOLE DE NIVEAU ELEMENTAIRE,1,OUVERT,23,75,22,23169,Creuse,Nouvelle-Aquitaine,Limoges,"46.1299960354,1.93692985973",99,SANS OBJET,06,MINISTERE DE L'EDUCATION NATIONALE,1967-09-01
0230377K,Ecole primaire,ECOLE PRIMAIRE PUBLIQUE,,Public,12 rue Alexis Chambrouty,,,23140,JARNAGES,Jarnages,629293.1,6565286.4,EPSG:2154,46.18371887688627,2.0833100255513606,Parfaite,Numéro de rue,151,ECOLE DE NIVEAU ELEMENTAIRE,1,OUVERT,23,75,22,23100,Creuse,Nouvelle-Aquitaine,Limoges,"46.1837188769,2.08331002555",99,SANS OBJET,06,MINISTERE DE L'EDUCATION NATIONALE,1967-09-01
0230398H,Ecole primaire,ECOLE PRIMAIRE PUBLIQUE,,Public,Place de la Marianne,,,23250,ST GEORGES LA POUGE,Saint-Georges-la-Pouge,620317.5,6544323.7,EPSG:2154,45.99397028483083,1.9705001736053798,Parfaite,Numéro de rue,151,ECOLE DE NIVEAU ELEMENTAIRE,1,OUVERT,23,75,22,23197,Creuse,Nouvelle-Aquitaine,Limoges,"45.9939702848,1.97050017361",99,SANS OBJET,06,MINISTERE DE L'EDUCATION NATIONALE,1967-09-01
0230406S,Ecole primaire,ECOLE PRIMAIRE PUBLIQUE,,Public,7 rue des Ecoles,,,23460,LE MONTEIL AU VICOMTE,Le Monteil-au-Vicomte,617509.9,6537376.1,EPSG:2154,45.931077927764235,1.9354403386818027,Parfaite,Numéro de rue,151,ECOLE DE NIVEAU ELEMENTAIRE,1,OUVERT,23,75,22,23134,Creuse,Nouvelle-Aquitaine,Limoges,"45.9310779278,1.93544033868",99,SANS OBJET,06,MINISTERE DE L'EDUCATION NATIONALE,1967-09-01
0230458Y,Ecole primaire,ECOLE PRIMAIRE PUBLIQUE,,Public,,LE BOURG,,23130,PEYRAT LA NONIERE,Peyrat-la-Nonière,642420.8,6554371.5,EPSG:2154,46.086680912352946,2.254830112424148,Correcte,Ville,151,ECOLE DE NIVEAU ELEMENTAIRE,1,OUVERT,23,75,22,23151,Creuse,Nouvelle-Aquitaine,Limoges,"46.0866809124,2.25483011242",99,SANS OBJET,06,MINISTERE DE L'EDUCATION NATIONALE,1970-09-01
0230464E,Ecole élémentaire Jules Ferry,ECOLE ELEMENTAIRE PUBLIQUE,JULES FERRY,Public,1 RUE YVES FESNEAU,,,23300,LA SOUTERRAINE,La Souterraine,582741.7,6571879.4,EPSG:2154,46.23660883347624,1.4782601503784432,Parfaite,Numéro de rue,151,ECOLE DE NIVEAU ELEMENTAIRE,1,OUVERT,23,75,22,23176,Creuse,Nouvelle-Aquitaine,Limoges,"46.2366088335,1.47826015038",99,SANS OBJET,06,MINISTERE DE L'EDUCATION NATIONALE,1971-06-18
0230467H,Ecole maternelle,ECOLE MATERNELLE PUBLIQUE,,Public,2 GRANDE RUE,,,23260,CROCQ,Crocq,651168.9,6529840.2,EPSG:2154,45.86647249002488,2.3705703428237936,Parfaite,Numéro de rue,101,ECOLE MATERNELLE,1,OUVERT,23,75,22,23069,Creuse,Nouvelle-Aquitaine,Limoges,"45.86647249,2.37057034282",99,SANS OBJET,06,MINISTERE DE L'EDUCATION NATIONALE,1971-06-18
0230470L,Ecole primaire privée Sainte Jeanne d'Arc,ECOLE PRIMAIRE PRIVEE,SAINTE JEANNE D'ARC,Privé,1 rue Jeanne d'Arc,,,23110,EVAUX LES BAINS,Evaux-les-Bains,660140.5,6564105.8,EPSG:2154,46.17560930277265,2.4833199832908126,Parfaite,Numéro de rue,151,ECOLE DE NIVEAU ELEMENTAIRE,1,OUVERT,23,75,22,23076,Creuse,Nouvelle-Aquitaine,Limoges,"46.1756093028,2.48331998329",30,CONTRAT D'ASSOCIATION TOUTES CLASSES,06,MINISTERE DE L'EDUCATION NATIONALE,1971-03-02
0230472N,Ecole primaire privée Notre-Dame,ECOLE PRIMAIRE PRIVEE,NOTRE DAME,Privé,5 avenue du Docteur Manouvrier,,,23000,GUERET,Guéret,613339.8,6563696.5,EPSG:2154,46.16754770162958,1.8767996477062856,Parfaite,Numéro de rue,151,ECOLE DE NIVEAU ELEMENTAIRE,1,OUVERT,23,75,22,23096,Creuse,Nouvelle-Aquitaine,Limoges,"46.1675477016,1.87679964771",30,CONTRAT D'ASSOCIATION TOUTES CLASSES,06,MINISTERE DE L'EDUCATION NATIONALE,1971-03-02
0230516L,Ecole élémentaire,ECOLE ELEMENTAIRE PUBLIQUE,PAULINE ROLLAND,Public,4 place Carnot,,,23600,BOUSSAC,Boussac,639563.6,6583610.9,EPSG:2154,46.34971444749344,2.2140894629357484,Parfaite,Numéro de rue,151,ECOLE DE NIVEAU ELEMENTAIRE,1,OUVERT,23,75,22,23031,Creuse,Nouvelle-Aquitaine,Limoges,"46.3497144475,2.21408946294",99,SANS OBJET,06,MINISTERE DE L'EDUCATION NATIONALE,1978-09-15
0230525W,Ecole primaire,ECOLE PRIMAIRE PUBLIQUE,,Public,9 route du Mas,,,23160,AZERABLES,Azerables,583057.1,6585089.3,EPSG:2154,46.355593344112535,1.4790506029547013,Parfaite,Rue,151,ECOLE DE NIVEAU ELEMENTAIRE,1,OUVERT,23,75,22,23015,Creuse,Nouvelle-Aquitaine,Limoges,"46.3555933441,1.47905060295",99,SANS OBJET,06,MINISTERE DE L'EDUCATION NATIONALE,1980-09-01
0230548W,Ecole élémentaire,ECOLE ELEMENTAIRE PUBLIQUE,,Public,Place de la Mairie,,,23100,LA COURTINE,La Courtine,642641.2,6511351.1,EPSG:2154,45.699321852839816,2.2628794822588763,Parfaite,Numéro de rue,151,ECOLE DE NIVEAU ELEMENTAIRE,1,OUVERT,23,75,22,23067,Creuse,Nouvelle-Aquitaine,Limoges,"45.6993218528,2.26287948226",99,SANS OBJET,06,MINISTERE DE L'EDUCATION NATIONALE,1982-09-01
0230555D,Ecole élémentaire,ECOLE ELEMENTAIRE PUBLIQUE,,Public,1 AVENUE GEORGES CLEMENCEAU,,,23170,CHAMBON SUR VOUEIZE,Chambon-sur-Voueize,655854.1,6565482.1,EPSG:2154,46.18773620750265,2.4276299246571633,Parfaite,Numéro de rue,151,ECOLE DE NIVEAU ELEMENTAIRE,1,OUVERT,23,75,22,23045,Creuse,Nouvelle-Aquitaine,Limoges,"46.1877362075,2.42762992466",99,SANS OBJET,06,MINISTERE DE L'EDUCATION NATIONALE,1985-09-01
0230556E,Ecole élémentaire,ECOLE ELEMENTAIRE PUBLIQUE,,Public,1  RUE PETITE RUE DES ECOLES,,,23500,FELLETIN,Felletin,635926.9,6532025.1,EPSG:2154,45.88488146700667,2.173819937579638,Parfaite,Numéro de rue,151,ECOLE DE NIVEAU ELEMENTAIRE,1,OUVERT,23,75,22,23079,Creuse,Nouvelle-Aquitaine,Limoges,"45.884881467,2.17381993758",99,SANS OBJET,06,MINISTERE DE L'EDUCATION NATIONALE,1985-09-01
0230564N,Ecole primaire,ECOLE PRIMAIRE PUBLIQUE,,Public,Place de l'Eglise,,,23120,VALLIERE,Vallière,625270.7,6534556.7,EPSG:2154,45.9065891723496,2.0360295020992827,Parfaite,Numéro de rue,151,ECOLE DE NIVEAU ELEMENTAIRE,1,OUVERT,23,75,22,23257,Creuse,Nouvelle-Aquitaine,Limoges,"45.9065891723,2.0360295021",99,SANS OBJET,06,MINISTERE DE L'EDUCATION NATIONALE,1988-09-01
0230565P,Section d'enseignement général et professionnel adapté du Collège J. Picart Le Doux,SEGPA,AN CLG J.PICART LE DOUX,Public,1 place TOURNOIS,,,23400,BOURGANEUF,Bourganeuf,603144.6,6540070.7,EPSG:2154,45.953443809363876,1.7495298315597134,Parfaite,Numéro de rue,390,SECTION ENSEIGNT GEN. ET PROF. ADAPTE,1,OUVERT,23,75,22,23030,Creuse,Nouvelle-Aquitaine,Limoges,"45.9534438094,1.74952983156",99,SANS OBJET,06,MINISTERE DE L'EDUCATION NATIONALE,1986-09-01
0230567S,Ecole maternelle,ECOLE MATERNELLE PUBLIQUE,,Public,13 route de la Souterraine,,,23300,ST AGNANT DE VERSILLAT,Saint-Agnant-de-Versillat,585373.2,6576466.2,EPSG:2154,46.2783561774191,1.51128057674234,Parfaite,Numéro de rue,101,ECOLE MATERNELLE,1,OUVERT,23,75,22,23177,Creuse,Nouvelle-Aquitaine,Limoges,"46.2783561774,1.51128057674",99,SANS OBJET,06,MINISTERE DE L'EDUCATION NATIONALE,1989-09-01
0230003D,Lycée professionnel Jean Jaurès,LYCEE PROFESSIONNEL,JEAN JAURES,Public,38 rue Jean Jaurès,,,23200,AUBUSSON,Aubusson,636038.7,6539521.5,EPSG:2154,45.95239283741987,2.1742506233859387,Parfaite,Numéro de rue,320,LYCEE PROFESSIONNEL,1,OUVERT,23,75,22,23008,Creuse,Nouvelle-Aquitaine,Limoges,"45.9523928374,2.17425062339",99,SANS OBJET,06,MINISTERE DE L'EDUCATION NATIONALE,1965-05-01
0230005F,Collège Jean Monnet,COLLEGE,JEAN MONNET,Public,16 place de la République,,,23210,BENEVENT L ABBAYE,Bénévent-l'Abbaye,593871.2,6558613.9,EPSG:2154,46.11901281125276,1.625660451642834,Parfaite,Numéro de rue,340,COLLEGE,1,OUVERT,23,75,22,23021,Creuse,Nouvelle-Aquitaine,Limoges,"46.1190128113,1.62566045164",99,SANS OBJET,06,MINISTERE DE L'EDUCATION NATIONALE,1965-05-01
0230006G,Collège Marc Bloch,COLLEGE,MARC BLOCH,Public,6 chemin DE RONDE,,,23220,BONNAT,Bonnat,615686.2,6581804.2,EPSG:2154,46.33088460090181,1.9039498342630088,Parfaite,Numéro de rue,340,COLLEGE,1,OUVERT,23,75,22,23025,Creuse,Nouvelle-Aquitaine,Limoges,"46.3308846009,1.90394983426",99,SANS OBJET,06,MINISTERE DE L'EDUCATION NATIONALE,1965-05-01
0230008J,"LP Public Delphine Gay, Lycée des Métiers de la coiffure, de l'esthétique et des services à la personne",LP LYCEE DES METIERS,DELPHINE GAY,Public,Avenue JOLIOT CURIE,,,23400,BOURGANEUF,Bourganeuf,603331.2,6540209.5,EPSG:2154,45.95472012039392,1.75191024268043,Parfaite,Numéro de rue,320,LYCEE PROFESSIONNEL,1,OUVERT,23,75,22,23030,Creuse,Nouvelle-Aquitaine,Limoges,"45.9547201204,1.75191024268",99,SANS OBJET,06,MINISTERE DE L'EDUCATION NATIONALE,1965-05-01
0230025C,Lycée général et technologique Raymond Loewy,LYCEE GENERAL ET TECHNOLOGIQUE,RAYMOND LOEWY,Public,1 place DE FILDERSTADT,,,23300,LA SOUTERRAINE,La Souterraine,583273.2,6572271.6,EPSG:2154,46.24023188876845,1.4850584475632838,Correcte,Numéro de rue,300,LYCEE ENSEIGNT GENERAL ET TECHNOLOGIQUE,1,OUVERT,23,75,22,23176,Creuse,Nouvelle-Aquitaine,Limoges,"46.2402318888,1.48505844756",99,SANS OBJET,06,MINISTERE DE L'EDUCATION NATIONALE,1965-05-01
0230063U,Ecole primaire publique,ECOLE MATERNELLE PUBLIQUE,,Public,,LE BOURG,,23150,ST HILAIRE LA PLAINE,Saint-Hilaire-la-Plaine,620968.6,6559024.4,EPSG:2154,46.12641373022162,1.9764495846937808,Correcte,Ville,101,ECOLE MATERNELLE,1,OUVERT,23,75,22,23201,Creuse,Nouvelle-Aquitaine,Limoges,"46.1264137302,1.97644958469",99,SANS OBJET,06,MINISTERE DE L'EDUCATION NATIONALE,1967-09-01
0230072D,ECOLE MATERNELLE PUBLIQUE,ECOLE MATERNELLE PUBLIQUE,,Public,4 rue du Château,,,23200,BLESSAC,Blessac,632452.6,6540275.5,EPSG:2154,45.95883497977265,2.127849721409083,Parfaite,Numéro de rue,151,ECOLE DE NIVEAU ELEMENTAIRE,1,OUVERT,23,75,22,23024,Creuse,Nouvelle-Aquitaine,Limoges,"45.9588349798,2.12784972141",99,SANS OBJET,06,MINISTERE DE L'EDUCATION NATIONALE,1967-09-01
0230103M,Ecole primaire,ECOLE PRIMAIRE PUBLIQUE,,Public,,LE BOURG,,23190,ST SILVAIN BELLEGARDE,Saint-Silvain-Bellegarde,646054.3,6541676.8,EPSG:2154,45.97266970673724,2.3033005964363906,Correcte,Ville,151,ECOLE DE NIVEAU ELEMENTAIRE,1,OUVERT,23,75,22,23241,Creuse,Nouvelle-Aquitaine,Limoges,"45.9726697067,2.30330059644",99,SANS OBJET,06,MINISTERE DE L'EDUCATION NATIONALE,1967-09-01
0230110V,Ecole primaire,ECOLE PRIMAIRE PUBLIQUE,,Public,,LE BOURG,,23600,ST SILVAIN BAS LE ROC,Saint-Silvain-Bas-le-Roc,640556.8,6581595.4,EPSG:2154,46.3316546103915,2.2272606128895367,Correcte,Ville,151,ECOLE DE NIVEAU ELEMENTAIRE,1,OUVERT,23,75,22,23240,Creuse,Nouvelle-Aquitaine,Limoges,"46.3316546104,2.22726061289",99,SANS OBJET,06,MINISTERE DE L'EDUCATION NATIONALE,1967-09-01
0230119E,Ecole primaire,ECOLE PRIMAIRE PUBLIQUE,,Public,3 place de la Mairie,,,23170,LEPAUD,Lépaud,652814.3,6571137.2,EPSG:2154,46.23845261609848,2.387650586101809,Parfaite,Numéro de rue,151,ECOLE DE NIVEAU ELEMENTAIRE,1,OUVERT,23,75,22,23106,Creuse,Nouvelle-Aquitaine,Limoges,"46.2384526161,2.3876505861",99,SANS OBJET,06,MINISTERE DE L'EDUCATION NATIONALE,1967-09-01
0230129R,Ecole primaire,ECOLE PRIMAIRE PUBLIQUE,,Public,19 rue de la Liberté,,,23270,BETETE,Bétête,628924.9,6584635.7,EPSG:2154,46.35790445435734,2.0756002731036394,Parfaite,Numéro de rue,151,ECOLE DE NIVEAU ELEMENTAIRE,1,OUVERT,23,75,22,23022,Creuse,Nouvelle-Aquitaine,Limoges,"46.3579044544,2.0756002731",99,SANS OBJET,06,MINISTERE DE L'EDUCATION NATIONALE,1967-09-01
0230175R,Ecole primaire,ECOLE PRIMAIRE PUBLIQUE,,Public,3 rue des Ecoles,,,23220,CHENIERS,Chéniers,609853.9,6584306.7,EPSG:2154,46.35266222575205,1.8276597775423713,Parfaite,Numéro de rue,151,ECOLE DE NIVEAU ELEMENTAIRE,1,OUVERT,23,75,22,23062,Creuse,Nouvelle-Aquitaine,Limoges,"46.3526622258,1.82765977754",99,SANS OBJET,06,MINISTERE DE L'EDUCATION NATIONALE,1967-09-01
0230187D,Ecole élémentaire Marie Curie,ECOLE ELEMENTAIRE PUBLIQUE,MARIE CURIE,Public,,LA VOIE DIEU,,23400,BOURGANEUF,Bourganeuf,603098.4,6540380.5,EPSG:2154,45.95622659607193,1.7488700885051869,Correcte,Rue,151,ECOLE DE NIVEAU ELEMENTAIRE,1,OUVERT,23,75,22,23030,Creuse,Nouvelle-Aquitaine,Limoges,"45.9562265961,1.74887008851",99,SANS OBJET,06,MINISTERE DE L'EDUCATION NATIONALE,1967-09-01
0230196N,Ecole primaire Saint-Dizier,ECOLE PRIMAIRE PUBLIQUE,,Public,2 rue du Château,,,23400,ST DIZIER MASBARAUD,Saint-Dizier-Masbaraud,600588.8,6548423.5,EPSG:2154,46.02828092278346,1.7147833433428041,Parfaite,Numéro de rue,151,ECOLE DE NIVEAU ELEMENTAIRE,1,OUVERT,23,75,22,23189,Creuse,Nouvelle-Aquitaine,Limoges,"46.0282809228,1.71478334334",99,SANS OBJET,06,MINISTERE DE L'EDUCATION NATIONALE,1967-09-01
0230203W,Ecole maternelle,ECOLE MATERNELLE PUBLIQUE,,Public,Rue du Professeur Judet,,,23600,BOUSSAC,Boussac,639689.8,6583842.8,EPSG:2154,46.35181383203167,2.215700498736502,Parfaite,Numéro de rue,101,ECOLE MATERNELLE,1,OUVERT,23,75,22,23031,Creuse,Nouvelle-Aquitaine,Limoges,"46.351813832,2.21570049874",99,SANS OBJET,06,MINISTERE DE L'EDUCATION NATIONALE,1967-09-01
0230206Z,Ecole maternelle,ECOLE MATERNELLE PUBLIQUE,,Public,,LE BOURG,,23600,BUSSIERE ST GEORGES,Bussière-Saint-Georges,634212.5,6589278.3,EPSG:2154,46.40024370193677,2.1437102032460307,Correcte,Ville,101,ECOLE MATERNELLE,1,OUVERT,23,75,22,23038,Creuse,Nouvelle-Aquitaine,Limoges,"46.4002437019,2.14371020325",99,SANS OBJET,06,MINISTERE DE L'EDUCATION NATIONALE,1967-09-01
0230252Z,Ecole maternelle Groupe scolaire Jean Macé,ECOLE MATERNELLE PUBLIQUE,GROUPE SCOLAIRE JEAN MACE,Public,2 impasse Jean Macé,,,23000,GUERET,Guéret,613367.6,6564343.6,EPSG:2154,46.17337771381179,1.877040646380179,Parfaite,Numéro de rue,101,ECOLE MATERNELLE,1,OUVERT,23,75,22,23096,Creuse,Nouvelle-Aquitaine,Limoges,"46.1733777138,1.87704064638",99,SANS OBJET,06,MINISTERE DE L'EDUCATION NATIONALE,1967-09-01
0230345A,Ecole primaire,ECOLE PRIMAIRE PUBLIQUE,,Public,,LE BOURG,,23000,LA BRIONNE,La Brionne,606415.9,6563912.1,EPSG:2154,46.16856665044217,1.7870298515756182,Correcte,Ville,151,ECOLE DE NIVEAU ELEMENTAIRE,1,OUVERT,23,75,22,23033,Creuse,Nouvelle-Aquitaine,Limoges,"46.1685666504,1.78702985158",99,SANS OBJET,06,MINISTERE DE L'EDUCATION NATIONALE,1967-09-01
0230445J,Ecole primaire,ECOLE PRIMAIRE PUBLIQUE,,Public,3 place de l'Eglise,,,23210,BENEVENT L ABBAYE,Bénévent-l'Abbaye,594222.7,6558664.8,EPSG:2154,46.11952608735626,1.63019993458812,Parfaite,Numéro de rue,151,ECOLE DE NIVEAU ELEMENTAIRE,1,OUVERT,23,75,22,23021,Creuse,Nouvelle-Aquitaine,Limoges,"46.1195260874,1.63019993459",99,SANS OBJET,06,MINISTERE DE L'EDUCATION NATIONALE,1970-05-20
0230446K,Ecole primaire,ECOLE PRIMAIRE PUBLIQUE,,Public,5 place de la Liberté,,,23270,CHATELUS MALVALEIX,Châtelus-Malvaleix,624895.4,6578524.3,EPSG:2154,46.3024404189105,2.024180187674139,Parfaite,Numéro de rue,151,ECOLE DE NIVEAU ELEMENTAIRE,1,OUVERT,23,75,22,23057,Creuse,Nouvelle-Aquitaine,Limoges,"46.3024404189,2.02418018767",99,SANS OBJET,06,MINISTERE DE L'EDUCATION NATIONALE,1970-05-20
0230476T,Section d'enseignement général et professionnel adapté du Collège Martin Nadaud,SEGPA,AN COL MARTIN NADAUD,Public,1 avenue René Cassin,,,23000,GUERET,Guéret,613134.9,6565079.9,EPSG:2154,46.17997747188956,1.8738886126512013,Parfaite,Numéro de rue,390,SECTION ENSEIGNT GEN. ET PROF. ADAPTE,1,OUVERT,23,75,22,23096,Creuse,Nouvelle-Aquitaine,Limoges,"46.1799774719,1.87388861265",99,SANS OBJET,06,MINISTERE DE L'EDUCATION NATIONALE,1972-02-10
0230479W,Ecole élémentaire Jean Macé,ECOLE ELEMENTAIRE PUBLIQUE,,Public,3 impasse Jean Macé,,,23000,GUERET,Guéret,613345.2,6564347.1,EPSG:2154,46.17340635874583,1.8767496836139907,Parfaite,Numéro de rue,151,ECOLE DE NIVEAU ELEMENTAIRE,1,OUVERT,23,75,22,23096,Creuse,Nouvelle-Aquitaine,Limoges,"46.1734063587,1.87674968361",99,SANS OBJET,06,MINISTERE DE L'EDUCATION NATIONALE,1972-06-08
0230483A,Ecole maternelle,ECOLE MATERNELLE PUBLIQUE,,Public,2 rue des Ecoles,,,23420,MERINCHAL,Mérinchal,660258.1,6535282.2,EPSG:2154,45.91606796175669,2.487270383044015,Parfaite,Numéro de rue,101,ECOLE MATERNELLE,1,OUVERT,23,75,22,23131,Creuse,Nouvelle-Aquitaine,Limoges,"45.9160679618,2.48727038304",99,SANS OBJET,06,MINISTERE DE L'EDUCATION NATIONALE,1972-06-08
0230499T,Ecole primaire,ECOLE PRIMAIRE PUBLIQUE,,Public,1 ROUTE DE CHENERAILLES,,,23700,MAINSAT,Mainsat,652447.0,6550996.0,EPSG:2154,46.05706361802266,2.3849201591660014,Parfaite,Numéro de rue,151,ECOLE DE NIVEAU ELEMENTAIRE,1,OUVERT,23,75,22,23116,Creuse,Nouvelle-Aquitaine,Limoges,"46.057063618,2.38492015917",99,SANS OBJET,06,MINISTERE DE L'EDUCATION NATIONALE,1976-05-20
0230518N,Ecole primaire,ECOLE PRIMAIRE PUBLIQUE,,Public,,LE BOURG,,23800,NAILLAT,Naillat,595083.6,6574894.7,EPSG:2154,46.265785930783096,1.6377206180375714,Correcte,Ville,151,ECOLE DE NIVEAU ELEMENTAIRE,1,OUVERT,23,75,22,23141,Creuse,Nouvelle-Aquitaine,Limoges,"46.2657859308,1.63772061804",99,SANS OBJET,06,MINISTERE DE L'EDUCATION NATIONALE,1979-09-01
0230520R,Ecole primaire,ECOLE PRIMAIRE PUBLIQUE,,Public,Place du 8 Mai 1945,,,23450,FRESSELINES,Fresselines,598933.5,6587798.0,EPSG:2154,46.38254758956054,1.6849098751111922,Parfaite,Numéro de rue,151,ECOLE DE NIVEAU ELEMENTAIRE,1,OUVERT,23,75,22,23087,Creuse,Nouvelle-Aquitaine,Limoges,"46.3825475896,1.68490987511",99,SANS OBJET,06,MINISTERE DE L'EDUCATION NATIONALE,1979-09-01
0230527Y,Ecole primaire,ECOLE PRIMAIRE PUBLIQUE,,Public,2 rue de la Mairie,,,23240,LE GRAND BOURG,Le Grand-Bourg,595742.0,6563228.3,EPSG:2154,46.16084942593991,1.6488596608883974,Parfaite,Numéro de rue,151,ECOLE DE NIVEAU ELEMENTAIRE,1,OUVERT,23,75,22,23095,Creuse,Nouvelle-Aquitaine,Limoges,"46.1608494259,1.64885966089",99,SANS OBJET,06,MINISTERE DE L'EDUCATION NATIONALE,1980-09-01
0230528Z,Ecole élémentaire,ECOLE ELEMENTAIRE PUBLIQUE,,Public,3 rue des Ecoles,,,23420,MERINCHAL,Mérinchal,660290.7,6535292.5,EPSG:2154,45.91616261594558,2.4876900975711362,Parfaite,Numéro de rue,151,ECOLE DE NIVEAU ELEMENTAIRE,1,OUVERT,23,75,22,23131,Creuse,Nouvelle-Aquitaine,Limoges,"45.9161626159,2.48769009757",99,SANS OBJET,06,MINISTERE DE L'EDUCATION NATIONALE,1980-09-01
0230554C,Ecole élémentaire,ECOLE ELEMENTAIRE PUBLIQUE,,Public,12 rue George Sand,,,23220,BONNAT,Bonnat,615781.2,6581609.6,EPSG:2154,46.32914431812828,1.9052197143676999,Parfaite,Numéro de rue,151,ECOLE DE NIVEAU ELEMENTAIRE,1,OUVERT,23,75,22,23025,Creuse,Nouvelle-Aquitaine,Limoges,"46.3291443181,1.90521971437",99,SANS OBJET,06,MINISTERE DE L'EDUCATION NATIONALE,1984-09-01
0230001B,Collège,COLLEGE,CLAUDE CHABROL,Public,Lieu-dit 28 LES PRADEAUX,,,23150,AHUN,Ahun,625885.7,6554573.3,EPSG:2154,46.08689111376171,2.040825604614496,Moyenne,Rue,340,COLLEGE,1,OUVERT,23,75,22,23001,Creuse,Nouvelle-Aquitaine,Limoges,"46.0868911138,2.04082560461",99,SANS OBJET,06,MINISTERE DE L'EDUCATION NATIONALE,1965-05-01
0230011M,Collège Françoise Dolto,COLLEGE,FRANCOISE DOLTO,Public,36 rue DE LA MARCHE,,,23270,CHATELUS MALVALEIX,Châtelus-Malvaleix,624887.6,6578394.9,EPSG:2154,46.30127442551819,2.0240996318962665,Parfaite,Numéro de rue,340,COLLEGE,1,OUVERT,23,75,22,23057,Creuse,Nouvelle-Aquitaine,Limoges,"46.3012744255,2.0240996319",99,SANS OBJET,06,MINISTERE DE L'EDUCATION NATIONALE,1965-05-01
0230014R,Collège Georges Nigremont,COLLEGE,GEORGES NIGREMONT,Public,17 route DE LA BOURBOULE,,,23260,CROCQ,Crocq,651067.3,6529518.3,EPSG:2154,45.86356659813654,2.369293922411939,Parfaite,Numéro de rue,340,COLLEGE,1,OUVERT,23,75,22,23069,Creuse,Nouvelle-Aquitaine,Limoges,"45.8635665981,2.36929392241",99,SANS OBJET,06,MINISTERE DE L'EDUCATION NATIONALE,1965-05-01
0230019W,"LP Public, Lycée des Métiers du Bâtiment",LP LYCEE DES METIERS,DU BATIMENT,Public,Lieu-dit,LES GRANGES ROUTE D'AUBU,,23500,FELLETIN,Felletin,635918.1,6531846.7,EPSG:2154,45.883274247380605,2.1737305458668206,Correcte,Rue,320,LYCEE PROFESSIONNEL,1,OUVERT,23,75,22,23079,Creuse,Nouvelle-Aquitaine,Limoges,"45.8832742474,2.17373054587",99,SANS OBJET,06,MINISTERE DE L'EDUCATION NATIONALE,1965-05-01
0230030H,"Lycée d'enseignement général, technologique et professionnel agricole d'Ahun",LEGT PROFESSIONNEL AGRICOLE,D'AHUN,Public,,LE CHAUSSADIS,,23150,AHUN,Ahun,625097.0,6555322.9,EPSG:2154,46.093553946850946,2.03050030140819,Moyenne,Lieu-dit,307,LYCEE ENS GENERAL TECHNO PROF AGRICOLE,1,OUVERT,23,75,22,23001,Creuse,Nouvelle-Aquitaine,Limoges,"46.0935539469,2.03050030141",99,SANS OBJET,03,AGRICULTURE,1968-05-16
0230062T,Ecole primaire,ECOLE PRIMAIRE PUBLIQUE,,Public,12 route de Guéret,,,23140,PIONNAT,Pionnat,624572.4,6563879.0,EPSG:2154,46.170536465347524,2.0223397820246047,Parfaite,Numéro de rue,151,ECOLE DE NIVEAU ELEMENTAIRE,1,OUVERT,23,75,22,23154,Creuse,Nouvelle-Aquitaine,Limoges,"46.1705364653,2.02233978202",99,SANS OBJET,06,MINISTERE DE L'EDUCATION NATIONALE,1967-09-01
0230077J,Ecole maternelle,ECOLE MATERNELLE PUBLIQUE,,Public,,LE BOURG,,23200,ST AMAND,Saint-Amand,638377.9,6542659.4,EPSG:2154,45.98086420982953,2.2040395969112923,Correcte,Ville,101,ECOLE MATERNELLE,1,OUVERT,23,75,22,23180,Creuse,Nouvelle-Aquitaine,Limoges,"45.9808642098,2.20403959691",99,SANS OBJET,06,MINISTERE DE L'EDUCATION NATIONALE,1967-09-01
0230079L,Ecole primaire,ECOLE PRIMAIRE PUBLIQUE,,Public,,LE BOURG,,23200,ST AVIT DE TARDES,Saint-Avit-de-Tardes,644536.1,6535731.5,EPSG:2154,45.91901259337575,2.2843902000542315,Correcte,Ville,151,ECOLE DE NIVEAU ELEMENTAIRE,1,OUVERT,23,75,22,23182,Creuse,Nouvelle-Aquitaine,Limoges,"45.9190125934,2.28439020005",99,SANS OBJET,06,MINISTERE DE L'EDUCATION NATIONALE,1967-09-01
0230104N,Ecole primaire,ECOLE PRIMAIRE PUBLIQUE,,Public,,LE BOURG,,23600,LAVAUFRANCHE,Lavaufranche,644013.9,6580252.5,EPSG:2154,46.31985846355058,2.2723598615479115,Correcte,Ville,151,ECOLE DE NIVEAU ELEMENTAIRE,1,OUVERT,23,75,22,23104,Creuse,Nouvelle-Aquitaine,Limoges,"46.3198584636,2.27235986155",99,SANS OBJET,06,MINISTERE DE L'EDUCATION NATIONALE,1967-09-01
0230120F,Ecole primaire,ECOLE PRIMAIRE PUBLIQUE,,Public,1 rue de la Mairie,,,23170,LUSSAT,Lussat,649139.2,6565037.0,EPSG:2154,46.183256662363725,2.3406204044019017,Parfaite,Numéro de rue,151,ECOLE DE NIVEAU ELEMENTAIRE,1,OUVERT,23,75,22,23114,Creuse,Nouvelle-Aquitaine,Limoges,"46.1832566624,2.3406204044",99,SANS OBJET,06,MINISTERE DE L'EDUCATION NATIONALE,1967-09-01
0230133V,Ecole primaire,ECOLE PRIMAIRE PUBLIQUE,,Public,1 PLACE CHAMP DE FOIRE,,,23350,GENOUILLAC,Genouillac,622637.3,6584050.6,EPSG:2154,46.35194412368883,1.9939294580852194,Parfaite,Numéro de rue,151,ECOLE DE NIVEAU ELEMENTAIRE,1,OUVERT,23,75,22,23089,Creuse,Nouvelle-Aquitaine,Limoges,"46.3519441237,1.99392945809",99,SANS OBJET,06,MINISTERE DE L'EDUCATION NATIONALE,1967-09-01
0230136Y,Ecole primaire,ECOLE PRIMAIRE PUBLIQUE,,Public,15 rue Marbre,,,23270,ROCHES,Roches,623041.9,6576335.3,EPSG:2154,46.28252178704936,2.000460558356707,Parfaite,Numéro de rue,151,ECOLE DE NIVEAU ELEMENTAIRE,1,OUVERT,23,75,22,23162,Creuse,Nouvelle-Aquitaine,Limoges,"46.282521787,2.00046055836",99,SANS OBJET,06,MINISTERE DE L'EDUCATION NATIONALE,1967-09-01
0230149M,Ecole primaire,ECOLE PRIMAIRE PUBLIQUE,,Public,1,LE BOURG,,23130,ST CHABRAIS,Saint-Chabrais,638623.4,6559507.9,EPSG:2154,46.132597938315115,2.2050194827929217,Parfaite,Numéro de rue,151,ECOLE DE NIVEAU ELEMENTAIRE,1,OUVERT,23,75,22,23185,Creuse,Nouvelle-Aquitaine,Limoges,"46.1325979383,2.20501948279",99,SANS OBJET,06,MINISTERE DE L'EDUCATION NATIONALE,1967-09-01
0230153S,Ecole primaire,ECOLE PRIMAIRE PUBLIQUE,FOURNEAUX,Public,Hameau de Fourneaux,,,23200,ST MEDARD LA ROCHETTE,Saint-Médard-la-Rochette,632856.6,6547713.5,EPSG:2154,46.02584961754918,2.132009979413743,Parfaite,Numéro de rue,151,ECOLE DE NIVEAU ELEMENTAIRE,1,OUVERT,23,75,22,23220,Creuse,Nouvelle-Aquitaine,Limoges,"46.0258496175,2.13200997941",99,SANS OBJET,06,MINISTERE DE L'EDUCATION NATIONALE,1967-09-01
0230193K,Ecole primaire Masbaraud,ECOLE PRIMAIRE PUBLIQUE,,Public,3 route de Montalescot,,,23400,ST DIZIER MASBARAUD,Saint-Dizier-Masbaraud,602437.7,6542558.6,EPSG:2154,45.97574314438521,1.7398922614418135,Parfaite,Numéro de rue,151,ECOLE DE NIVEAU ELEMENTAIRE,1,OUVERT,23,75,22,23189,Creuse,Nouvelle-Aquitaine,Limoges,"45.9757431444,1.73989226144",99,SANS OBJET,06,MINISTERE DE L'EDUCATION NATIONALE,1967-09-01
0230199S,Ecole primaire Le Theil,ECOLE PRIMAIRE PUBLIQUE,LE THEIL,Public,Hameau Le Theil,,,23430,ST MARTIN STE CATHERINE,Saint-Martin-Sainte-Catherine,588857.4,6539730.1,EPSG:2154,45.94818968475995,1.5651900913510126,Parfaite,Numéro de rue,151,ECOLE DE NIVEAU ELEMENTAIRE,1,OUVERT,23,75,22,23217,Creuse,Nouvelle-Aquitaine,Limoges,"45.9481896848,1.56519009135",99,SANS OBJET,06,MINISTERE DE L'EDUCATION NATIONALE,1967-09-01
0230222S,Ecole primaire,ECOLE PRIMAIRE PUBLIQUE,,Public,,LE BOURG,,23460,ST YRIEIX LA MONTAGNE,Saint-Yrieix-la-Montagne,624029.5,6532054.7,EPSG:2154,45.88392300688789,2.020420639998385,Correcte,Ville,151,ECOLE DE NIVEAU ELEMENTAIRE,1,OUVERT,23,75,22,23249,Creuse,Nouvelle-Aquitaine,Limoges,"45.8839230069,2.02042064",99,SANS OBJET,06,MINISTERE DE L'EDUCATION NATIONALE,1968-10-01
0230225V,Ecole primaire,ECOLE PRIMAIRE PUBLIQUE,,Public,,LE BOURG,,23340,GENTIOUX PIGEROLLES,Gentioux-Pigerolles,621986.0,6521102.3,EPSG:2154,45.78507424733889,1.9958699022325044,Correcte,Ville,151,ECOLE DE NIVEAU ELEMENTAIRE,1,OUVERT,23,75,22,23090,Creuse,Nouvelle-Aquitaine,Limoges,"45.7850742473,1.99586990223",99,SANS OBJET,06,MINISTERE DE L'EDUCATION NATIONALE,1968-10-01
0230228Y,Ecole primaire,ECOLE PRIMAIRE PUBLIQUE,,Public,,LE BOURG,,23500,GIOUX,Gioux,631749.8,6523759.2,EPSG:2154,45.81004596957192,2.121149546019559,Correcte,Ville,151,ECOLE DE NIVEAU ELEMENTAIRE,1,OUVERT,23,75,22,23091,Creuse,Nouvelle-Aquitaine,Limoges,"45.8100459696,2.12114954602",99,SANS OBJET,06,MINISTERE DE L'EDUCATION NATIONALE,1968-10-01
0230326E,Ecole primaire,ECOLE PRIMAIRE PUBLIQUE,AUGUSTE COULON,Public,9 rue Auguste Coulon,,,23300,ST PRIEST LA FEUILLE,Saint-Priest-la-Feuille,587178.1,6567892.0,EPSG:2154,46.20146446053493,1.5367796463923131,Parfaite,Numéro de rue,151,ECOLE DE NIVEAU ELEMENTAIRE,1,OUVERT,23,75,22,23235,Creuse,Nouvelle-Aquitaine,Limoges,"46.2014644605,1.53677964639",99,SANS OBJET,06,MINISTERE DE L'EDUCATION NATIONALE,1967-10-01
0230331K,Ecole primaire,ECOLE PRIMAIRE PUBLIQUE,,Public,,LE BOURG,,23480,ST SULPICE LES CHAMPS,Saint-Sulpice-les-Champs,624404.0,6544278.1,EPSG:2154,45.994027152337104,2.0232996087251545,Correcte,Ville,151,ECOLE DE NIVEAU ELEMENTAIRE,1,OUVERT,23,75,22,23246,Creuse,Nouvelle-Aquitaine,Limoges,"45.9940271523,2.02329960873",99,SANS OBJET,06,MINISTERE DE L'EDUCATION NATIONALE,1967-10-01
0230359R,Ecole maternelle d'application Jacques Prévert,ECOLE MATERNELLE D APPLICATION,JACQUES PREVERT,Public,45 rue de Beauregard,,,23000,GUERET,Guéret,612770.8,6564860.4,EPSG:2154,46.177954255683545,1.8692098444177634,Parfaite,Numéro de rue,103,ECOLE MATERNELLE D APPLICATION,1,OUVERT,23,75,22,23096,Creuse,Nouvelle-Aquitaine,Limoges,"46.1779542557,1.86920984442",99,SANS OBJET,06,MINISTERE DE L'EDUCATION NATIONALE,1968-10-01
0230367Z,Ecole primaire,ECOLE PRIMAIRE PUBLIQUE,,Public,18 route de Boussac,,,23270,LADAPEYRE,Ladapeyre,626702.2,6572413.5,EPSG:2154,46.247616689525415,2.0486098678102325,Parfaite,Numéro de rue,151,ECOLE DE NIVEAU ELEMENTAIRE,1,OUVERT,23,75,22,23102,Creuse,Nouvelle-Aquitaine,Limoges,"46.2476166895,2.04860986781",99,SANS OBJET,06,MINISTERE DE L'EDUCATION NATIONALE,1967-09-01
0230372E,Ecole primaire,ECOLE PRIMAIRE PUBLIQUE,,Public,2 rue des Ecoles,,,23000,ST FIEL,Saint-Fiel,614816.2,6568676.5,EPSG:2154,46.212574917319124,1.8950295399756716,Parfaite,Numéro de rue,151,ECOLE DE NIVEAU ELEMENTAIRE,1,OUVERT,23,75,22,23195,Creuse,Nouvelle-Aquitaine,Limoges,"46.2125749173,1.89502953998",99,SANS OBJET,06,MINISTERE DE L'EDUCATION NATIONALE,1967-09-01
0230373F,Ecole primaire,ECOLE PRIMAIRE PUBLIQUE,,Public,9 rue des Ecoles,,,23000,ST LAURENT,Saint-Laurent,620122.9,6563492.4,EPSG:2154,46.16654478683152,1.9647393891947054,Parfaite,Numéro de rue,151,ECOLE DE NIVEAU ELEMENTAIRE,1,OUVERT,23,75,22,23206,Creuse,Nouvelle-Aquitaine,Limoges,"46.1665447868,1.96473938919",99,SANS OBJET,06,MINISTERE DE L'EDUCATION NATIONALE,1967-09-01
0230391A,Ecole primaire,ECOLE PRIMAIRE,PIERRE ET MARIE CURIE,Public,1 place du Château,,,23250,PONTARION,Pontarion,610933.6,6544621.3,EPSG:2154,45.995483324306065,1.849220188133915,Parfaite,Numéro de rue,151,ECOLE DE NIVEAU ELEMENTAIRE,1,OUVERT,23,75,22,23155,Creuse,Nouvelle-Aquitaine,Limoges,"45.9954833243,1.84922018813",99,SANS OBJET,06,MINISTERE DE L'EDUCATION NATIONALE,1967-09-01
0230402M,Ecole primaire,ECOLE PRIMAIRE PUBLIQUE,,Public,,LE BOURG,,23250,THAURON,Thauron,608519.6,6545166.3,EPSG:2154,46.00006937384273,1.8179293636509897,Correcte,Ville,151,ECOLE DE NIVEAU ELEMENTAIRE,1,OUVERT,23,75,22,23253,Creuse,Nouvelle-Aquitaine,Limoges,"46.0000693738,1.81792936365",99,SANS OBJET,06,MINISTERE DE L'EDUCATION NATIONALE,1967-09-01
0230404P,Ecole primaire,ECOLE PRIMAIRE PUBLIQUE,MARCEL LECHAPT,Public,Rue Camille Bennassy,,,23460,ROYERE DE VASSIVIERE,Royère-de-Vassivière,615586.4,6527474.8,EPSG:2154,45.8416897184352,1.9123800044149277,Parfaite,Numéro de rue,151,ECOLE DE NIVEAU ELEMENTAIRE,1,OUVERT,23,75,22,23165,Creuse,Nouvelle-Aquitaine,Limoges,"45.8416897184,1.91238000441",99,SANS OBJET,06,MINISTERE DE L'EDUCATION NATIONALE,1967-09-01
0230407T,Ecole primaire,ECOLE PRIMAIRE PUBLIQUE,,Public,3 rue des Ecoles,,,23400,ST JUNIEN LA BREGERE,Saint-Junien-la-Bregère,603409.0,6532524.6,EPSG:2154,45.885537846703684,1.7544794695713788,Parfaite,Numéro de rue,151,ECOLE DE NIVEAU ELEMENTAIRE,1,OUVERT,23,75,22,23205,Creuse,Nouvelle-Aquitaine,Limoges,"45.8855378467,1.75447946957",99,SANS OBJET,06,MINISTERE DE L'EDUCATION NATIONALE,1967-09-01
0230442F,Ecole maternelle,ECOLE MATERNELLE PUBLIQUE,,Public,Rue de Rentière,,,23110,EVAUX LES BAINS,Evaux-les-Bains,660345.3,6563692.6,EPSG:2154,46.171900612842514,2.4860094986094867,Parfaite,Numéro de rue,101,ECOLE MATERNELLE,1,OUVERT,23,75,22,23076,Creuse,Nouvelle-Aquitaine,Limoges,"46.1719006128,2.48600949861",99,SANS OBJET,06,MINISTERE DE L'EDUCATION NATIONALE,1969-11-18
0230448M,Ecole élémentaire,ECOLE ELEMENTAIRE PUBLIQUE,,Public,Place de la Mairie,,,23800,DUN LE PALESTEL,Dun-le-Palestel,597075.9,6579233.5,EPSG:2154,46.30515675449053,1.6626304285934344,Parfaite,Numéro de rue,151,ECOLE DE NIVEAU ELEMENTAIRE,1,OUVERT,23,75,22,23075,Creuse,Nouvelle-Aquitaine,Limoges,"46.3051567545,1.66263042859",99,SANS OBJET,06,MINISTERE DE L'EDUCATION NATIONALE,1970-05-20
0230451R,Ecole primaire,ECOLE PRIMAIRE PUBLIQUE,GEORGES MERCIER,Public,20 rue du Docteur Jamot,,,23250,SARDENT,Sardent,611473.4,6550617.7,EPSG:2154,46.04954536555206,1.8550703765061016,Parfaite,Numéro de rue,151,ECOLE DE NIVEAU ELEMENTAIRE,1,OUVERT,23,75,22,23168,Creuse,Nouvelle-Aquitaine,Limoges,"46.0495453656,1.85507037651",99,SANS OBJET,06,MINISTERE DE L'EDUCATION NATIONALE,1970-05-20
0230475S,Ecole primaire,ECOLE PRIMAIRE PUBLIQUE,,Public,16 rue Jules Ferry,,,23270,CLUGNAT,Clugnat,632018.0,6579033.9,EPSG:2154,46.307783960587,2.1166405847385876,Parfaite,Numéro de rue,151,ECOLE DE NIVEAU ELEMENTAIRE,1,OUVERT,23,75,22,23064,Creuse,Nouvelle-Aquitaine,Limoges,"46.3077839606,2.11664058474",99,SANS OBJET,06,MINISTERE DE L'EDUCATION NATIONALE,1971-09-30
0230480X,Ecole élémentaire groupe scolaire Paul Langevin,ECOLE ELEMENTAIRE PUBLIQUE,GROUPE SCOLAIRE PAUL LANGEVIN,Public,Rue du Maréchal Leclerc,,,23000,GUERET,Guéret,613862.2,6564679.1,EPSG:2154,46.17646169591583,1.8833894734817511,Parfaite,Numéro de rue,151,ECOLE DE NIVEAU ELEMENTAIRE,1,OUVERT,23,75,22,23096,Creuse,Nouvelle-Aquitaine,Limoges,"46.1764616959,1.88338947348",99,SANS OBJET,06,MINISTERE DE L'EDUCATION NATIONALE,1972-06-08
0230484B,Ecole élémentaire Tristan L'Hermite,ECOLE ELEMENTAIRE PUBLIQUE,TRISTAN L'HERMITE,Public,Rue Amédée Carriat,,,23300,LA SOUTERRAINE,La Souterraine,584232.3,6572326.7,EPSG:2154,46.24089296948608,1.497489527202905,Parfaite,Numéro de rue,151,ECOLE DE NIVEAU ELEMENTAIRE,1,OUVERT,23,75,22,23176,Creuse,Nouvelle-Aquitaine,Limoges,"46.2408929695,1.4974895272",99,SANS OBJET,06,MINISTERE DE L'EDUCATION NATIONALE,1972-06-08
0230485C,Ecole élémentaire publique,ECOLE PRIMAIRE PUBLIQUE,,Public,1 allée Louise Michel,,,23000,ST SULPICE LE GUERETOIS,Saint-Sulpice-le-Guérétois,609802.3,6567445.7,EPSG:2154,46.200842618510656,1.8302369683227853,Correcte,Numéro de rue,151,ECOLE DE NIVEAU ELEMENTAIRE,1,OUVERT,23,75,22,23245,Creuse,Nouvelle-Aquitaine,Limoges,"46.2008426185,1.83023696832",99,SANS OBJET,06,MINISTERE DE L'EDUCATION NATIONALE,1972-06-08
0230497R,Ecole primaire,ECOLE PRIMAIRE PUBLIQUE,,Public,1 chemin des Ecoles,,,23190,BELLEGARDE EN MARCHE,Bellegarde-en-Marche,645660.5,6542498.8,EPSG:2154,45.9800400612812,2.2981206436810018,Parfaite,Numéro de rue,151,ECOLE DE NIVEAU ELEMENTAIRE,1,OUVERT,23,75,22,23020,Creuse,Nouvelle-Aquitaine,Limoges,"45.9800400613,2.29812064368",99,SANS OBJET,06,MINISTERE DE L'EDUCATION NATIONALE,1976-05-20
0230500U,Ecole primaire,ECOLE PRIMAIRE PUBLIQUE,,Public,Route des Peintres,,,23800,LA CELLE DUNOISE,La Celle-Dunoise,605289.8,6579684.2,EPSG:2154,46.310417380338,1.7692504509706348,Parfaite,Numéro de rue,151,ECOLE DE NIVEAU ELEMENTAIRE,1,OUVERT,23,75,22,23039,Creuse,Nouvelle-Aquitaine,Limoges,"46.3104173803,1.76925045097",99,SANS OBJET,06,MINISTERE DE L'EDUCATION NATIONALE,1976-05-20
0230507B,Collège Jean Picart Le Doux,COLLEGE,JEAN PICART LE DOUX,Public,1 place TOURNOIS,,,23400,BOURGANEUF,Bourganeuf,603134.2,6540051.8,EPSG:2154,45.95327215447841,1.749399447140099,Parfaite,Numéro de rue,340,COLLEGE,1,OUVERT,23,75,22,23030,Creuse,Nouvelle-Aquitaine,Limoges,"45.9532721545,1.74939944714",99,SANS OBJET,06,MINISTERE DE L'EDUCATION NATIONALE,1977-03-15
0230514J,ECOLE PRIMAIRE,ECOLE PRIMAIRE PUBLIQUE,FELIX CHEVRIER,Public,Place Marc Geoffre,,,23290,FURSAC,Fursac,585160.6,6561879.4,EPSG:2154,46.14699187184343,1.5120894494014823,Parfaite,Numéro de rue,151,ECOLE DE NIVEAU ELEMENTAIRE,1,OUVERT,23,75,22,23192,Creuse,Nouvelle-Aquitaine,Limoges,"46.1469918718,1.5120894494",99,SANS OBJET,06,MINISTERE DE L'EDUCATION NATIONALE,1978-09-01
0230540M,Ecole primaire,ECOLE PRIMAIRE PUBLIQUE,ROGER ALEONARD,Public,3 place Carnot,,,23150,LAVAVEIX LES MINES,Lavaveix-les-Mines,629656.9,6552882.3,EPSG:2154,46.07206684628618,2.089879611134629,Parfaite,Numéro de rue,151,ECOLE DE NIVEAU ELEMENTAIRE,1,OUVERT,23,75,22,23105,Creuse,Nouvelle-Aquitaine,Limoges,"46.0720668463,2.08987961113",99,SANS OBJET,06,MINISTERE DE L'EDUCATION NATIONALE,1981-09-01
0230563M,Ecole élémentaire,ECOLE ELEMENTAIRE PUBLIQUE,,Public,Rue de Rentière,,,23110,EVAUX LES BAINS,Evaux-les-Bains,660376.9,6563674.5,EPSG:2154,46.17173947993647,2.486420601198294,Parfaite,Numéro de rue,151,ECOLE DE NIVEAU ELEMENTAIRE,1,OUVERT,23,75,22,23076,Creuse,Nouvelle-Aquitaine,Limoges,"46.1717394799,2.4864206012",99,SANS OBJET,06,MINISTERE DE L'EDUCATION NATIONALE,1988-09-01
0230568T,Ecole primaire,ECOLE PRIMAIRE PUBLIQUE,,Public,11 rue des Ecoles,,,23320,BUSSIERE DUNOISE,Bussière-Dunoise,604573.8,6574226.0,EPSG:2154,46.26117276936779,1.7610604228533016,Parfaite,Numéro de rue,151,ECOLE DE NIVEAU ELEMENTAIRE,1,OUVERT,23,75,22,23036,Creuse,Nouvelle-Aquitaine,Limoges,"46.2611727694,1.76106042285",99,SANS OBJET,06,MINISTERE DE L'EDUCATION NATIONALE,1991-09-09
0230010L,Collège Jean Zay,COLLEGE,JEAN ZAY,Public,Lieu-dit,COTE DES GRANGES,,23170,CHAMBON SUR VOUEIZE,Chambon-sur-Voueize,613679.7,6574273.3,EPSG:2154,46.262823779804066,1.8792589180493775,Mauvaise,Lieu-dit,340,COLLEGE,1,OUVERT,23,75,22,23045,Creuse,Nouvelle-Aquitaine,Limoges,"46.2628237798,1.87925891805",99,SANS OBJET,06,MINISTERE DE L'EDUCATION NATIONALE,1965-05-01
0230012N,Collège,COLLEGE,SIMONE VEIL,Public,4 rue MICHEL BALANDIER,,,23130,CHENERAILLES,Chénérailles,636126.5,6557157.3,EPSG:2154,46.11120125681116,2.1729995619740086,Parfaite,Numéro de rue,340,COLLEGE,1,OUVERT,23,75,22,23061,Creuse,Nouvelle-Aquitaine,Limoges,"46.1112012568,2.17299956197",99,SANS OBJET,06,MINISTERE DE L'EDUCATION NATIONALE,1965-05-01
0230017U,Collège Jacques Grancher,COLLEGE,JACQUES GRANCHER,Public,2 rue du Château,,,23500,FELLETIN,Felletin,635842.2,6531937.4,EPSG:2154,45.88408379312214,2.1727397140905005,Parfaite,Numéro de rue,340,COLLEGE,1,OUVERT,23,75,22,23079,Creuse,Nouvelle-Aquitaine,Limoges,"45.8840837931,2.17273971409",99,SANS OBJET,06,MINISTERE DE L'EDUCATION NATIONALE,1965-05-01
0230027E,Lycée professionnel Louis Gaston Roussillat,LYCEE PROFESSIONNEL,LOUIS GASTON ROUSSILLAT,Public,Lieu-dit,LA VALETTE,,23320,ST VAURY,Saint-Vaury,604064.6,6567919.4,EPSG:2154,46.2043179642378,1.755740584237162,Moyenne,Ville,320,LYCEE PROFESSIONNEL,1,OUVERT,23,75,22,23247,Creuse,Nouvelle-Aquitaine,Limoges,"46.2043179642,1.75574058424",99,SANS OBJET,06,MINISTERE DE L'EDUCATION NATIONALE,1965-05-01
0230069A,Ecole maternelle Villeneuve,ECOLE MATERNELLE PUBLIQUE,VILLENEUVE,Public,Rue Williams Dumazet,,,23200,AUBUSSON,Aubusson,635402.1,6539614.9,EPSG:2154,45.95317360557618,2.166019901096098,Parfaite,Numéro de rue,101,ECOLE MATERNELLE,1,OUVERT,23,75,22,23008,Creuse,Nouvelle-Aquitaine,Limoges,"45.9531736056,2.1660199011",99,SANS OBJET,06,MINISTERE DE L'EDUCATION NATIONALE,1967-09-01
0230080M,Ecole primaire,ECOLE PRIMAIRE PUBLIQUE,,Public,,LE BOURG,,23200,ST MARC A FRONGIER,Saint-Marc-à-Frongier,631906.6,6537221.3,EPSG:2154,45.931279310164015,2.1212393712008324,Correcte,Ville,151,ECOLE DE NIVEAU ELEMENTAIRE,1,OUVERT,23,75,22,23211,Creuse,Nouvelle-Aquitaine,Limoges,"45.9312793102,2.1212393712",99,SANS OBJET,06,MINISTERE DE L'EDUCATION NATIONALE,1967-09-01
0230085T,Ecole maternelle,ECOLE MATERNELLE PUBLIQUE,,Public,2 chemin de la Justice,,,23700,AUZANCES,Auzances,661552.6,6547849.9,EPSG:2154,46.02931137392105,2.5029502791063973,Parfaite,Numéro de rue,101,ECOLE MATERNELLE,1,OUVERT,23,75,22,23013,Creuse,Nouvelle-Aquitaine,Limoges,"46.0293113739,2.50295027911",99,SANS OBJET,06,MINISTERE DE L'EDUCATION NATIONALE,1968-10-01
0230092A,Ecole primaire,ECOLE PRIMAIRE PUBLIQUE,,Public,,LE BOURG,,23700,ROUGNAT,Rougnat,661317.8,6550591.0,EPSG:2154,46.05398089574267,2.4996903272780937,Correcte,Ville,151,ECOLE DE NIVEAU ELEMENTAIRE,1,OUVERT,23,75,22,23164,Creuse,Nouvelle-Aquitaine,Limoges,"46.0539808957,2.49969032728",99,SANS OBJET,06,MINISTERE DE L'EDUCATION NATIONALE,1967-09-01
0230097F,Ecole primaire,ECOLE PRIMAIRE PUBLIQUE,,Public,2 rue de la Marche,,,23190,CHAMPAGNAT,Champagnat,644522.5,6546783.7,EPSG:2154,46.01853162219667,2.2829197987090284,Parfaite,Numéro de rue,151,ECOLE DE NIVEAU ELEMENTAIRE,1,OUVERT,23,75,22,23048,Creuse,Nouvelle-Aquitaine,Limoges,"46.0185316222,2.28291979871",99,SANS OBJET,06,MINISTERE DE L'EDUCATION NATIONALE,1967-09-01
0230121G,Ecole primaire,ECOLE PRIMAIRE PUBLIQUE,,Public,5 rue des Ecoles,,,23170,NOUHANT,Nouhant,653160.8,6576412.0,EPSG:2154,46.285973753045425,2.391619688542595,Parfaite,Numéro de rue,151,ECOLE DE NIVEAU ELEMENTAIRE,1,OUVERT,23,75,22,23145,Creuse,Nouvelle-Aquitaine,Limoges,"46.285973753,2.39161968854",99,SANS OBJET,06,MINISTERE DE L'EDUCATION NATIONALE,1967-09-01
0230156V,Ecole primaire,ECOLE PRIMAIRE PUBLIQUE,,Public,Rue Pont la Guise,,,23170,BUDELIERE,Budelière,658977.1,6569145.1,EPSG:2154,46.22091679039914,2.4677995654908558,Parfaite,Numéro de rue,151,ECOLE DE NIVEAU ELEMENTAIRE,1,OUVERT,23,75,22,23035,Creuse,Nouvelle-Aquitaine,Limoges,"46.2209167904,2.46779956549",99,SANS OBJET,06,MINISTERE DE L'EDUCATION NATIONALE,1967-09-01
0230164D,Ecole maternelle,ECOLE MATERNELLE PUBLIQUE,,Public,3 rue des Ecoliers,,,23430,CHATELUS LE MARCHEIX,Châtelus-le-Marcheix,592152.3,6545426.0,EPSG:2154,46.00000397521815,1.6064194697141005,Parfaite,Numéro de rue,101,ECOLE MATERNELLE,1,OUVERT,23,75,22,23056,Creuse,Nouvelle-Aquitaine,Limoges,"46.0000039752,1.60641946971",99,SANS OBJET,06,MINISTERE DE L'EDUCATION NATIONALE,1967-09-01
0230184A,Ecole primaire groupe Marcel Richard,ECOLE PRIMAIRE PUBLIQUE,MARCEL RICHARD,Public,,LE BOURG,,23220,MOUTIER MALCARD,Moutier-Malcard,618961.2,6588589.6,EPSG:2154,46.39238091973777,1.9453404639023077,Correcte,Ville,151,ECOLE DE NIVEAU ELEMENTAIRE,1,OUVERT,23,75,22,23139,Creuse,Nouvelle-Aquitaine,Limoges,"46.3923809197,1.9453404639",99,SANS OBJET,06,MINISTERE DE L'EDUCATION NATIONALE,1968-10-01
0230186C,Ecole élémentaire Martin Nadaud 1,ECOLE ELEMENTAIRE PUBLIQUE,MARTIN NADAUD,Public,Place du Tribunal,,,23400,BOURGANEUF,Bourganeuf,603773.3,6539800.9,EPSG:2154,45.95110394135395,1.7577002369631947,Parfaite,Numéro de rue,151,ECOLE DE NIVEAU ELEMENTAIRE,1,OUVERT,23,75,22,23030,Creuse,Nouvelle-Aquitaine,Limoges,"45.9511039414,1.75770023696",99,SANS OBJET,06,MINISTERE DE L'EDUCATION NATIONALE,1967-09-01
0230205Y,Ecole primaire,ECOLE PRIMAIRE PUBLIQUE,,Public,7 place de la Mairie,,,23230,BORD ST GEORGES,Bord-Saint-Georges,646055.2,6573825.2,EPSG:2154,46.26215075615718,2.299629711646664,Parfaite,Numéro de rue,151,ECOLE DE NIVEAU ELEMENTAIRE,1,OUVERT,23,75,22,23026,Creuse,Nouvelle-Aquitaine,Limoges,"46.2621507562,2.29962971165",99,SANS OBJET,06,MINISTERE DE L'EDUCATION NATIONALE,1967-09-01
0230220P,ECOLE PRIMAIRE,ECOLE PRIMAIRE PUBLIQUE,,Public,,LE BOURG,,23500,ST FRION,Saint-Frion,639950.0,6529510.4,EPSG:2154,45.862605020417725,2.22600952784877,Correcte,Ville,151,ECOLE DE NIVEAU ELEMENTAIRE,1,OUVERT,23,75,22,23196,Creuse,Nouvelle-Aquitaine,Limoges,"45.8626050204,2.22600952785",99,SANS OBJET,06,MINISTERE DE L'EDUCATION NATIONALE,1968-10-01
0230226W,Ecole primaire,ECOLE PRIMAIRE PUBLIQUE,,Public,,LE BOURG,,23340,FAUX LA MONTAGNE,Faux-la-Montagne,617274.4,6517199.1,EPSG:2154,45.74937375512985,1.9359102869473837,Correcte,Ville,151,ECOLE DE NIVEAU ELEMENTAIRE,1,OUVERT,23,75,22,23077,Creuse,Nouvelle-Aquitaine,Limoges,"45.7493737551,1.93591028695",99,SANS OBJET,06,MINISTERE DE L'EDUCATION NATIONALE,1968-10-01
0230248V,Ecole élémentaire Cerclier-Guéry,ECOLE ELEMENTAIRE PUBLIQUE,CERCLIER-GUÉRY,Public,2 avenue de la République,,,23000,GUERET,Guéret,612958.3,6563984.2,EPSG:2154,46.170089162073516,1.8718024349762654,Parfaite,Numéro de rue,151,ECOLE DE NIVEAU ELEMENTAIRE,1,OUVERT,23,75,22,23096,Creuse,Nouvelle-Aquitaine,Limoges,"46.1700891621,1.87180243498",99,SANS OBJET,06,MINISTERE DE L'EDUCATION NATIONALE,1967-09-01
0230295W,Ecole primaire,ECOLE PRIMAIRE PUBLIQUE,,Public,,LE BOURG,,23800,MAISON FEYNE,Maison-Feyne,597625.6,6582941.8,EPSG:2154,46.33862785136207,1.668959580304827,Correcte,Ville,151,ECOLE DE NIVEAU ELEMENTAIRE,1,OUVERT,23,75,22,23117,Creuse,Nouvelle-Aquitaine,Limoges,"46.3386278514,1.6689595803",99,SANS OBJET,06,MINISTERE DE L'EDUCATION NATIONALE,1967-09-01
0230301C,Ecole primaire,ECOLE PRIMAIRE PUBLIQUE,,Public,,LE BOURG,,23800,ST SULPICE LE DUNOIS,Saint-Sulpice-le-Dunois,602128.0,6578535.7,EPSG:2154,46.29962561830126,1.7284104882930356,Correcte,Ville,151,ECOLE DE NIVEAU ELEMENTAIRE,1,OUVERT,23,75,22,23244,Creuse,Nouvelle-Aquitaine,Limoges,"46.2996256183,1.72841048829",99,SANS OBJET,06,MINISTERE DE L'EDUCATION NATIONALE,1967-09-01
0230320Y,Ecole primaire,ECOLE PRIMAIRE PUBLIQUE,,Public,,LE BOURG,,23300,NOTH,Noth,591116.0,6571558.6,EPSG:2154,46.235121848705234,1.5869894752082963,Correcte,Ville,151,ECOLE DE NIVEAU ELEMENTAIRE,1,OUVERT,23,75,22,23143,Creuse,Nouvelle-Aquitaine,Limoges,"46.2351218487,1.58698947521",99,SANS OBJET,06,MINISTERE DE L'EDUCATION NATIONALE,1967-09-01
0230352H,Ecole primaire,ECOLE PRIMAIRE PUBLIQUE,,Public,1 rue des Ecoles,,,23000,ST LEGER LE GUERETOIS,Saint-Léger-le-Guérétois,608481.4,6561893.5,EPSG:2154,46.15067403925157,1.814190193227195,Parfaite,Numéro de rue,151,ECOLE DE NIVEAU ELEMENTAIRE,1,OUVERT,23,75,22,23208,Creuse,Nouvelle-Aquitaine,Limoges,"46.1506740393,1.81419019323",99,SANS OBJET,06,MINISTERE DE L'EDUCATION NATIONALE,1967-09-01
0230365X,Ecole maternelle,ECOLE MATERNELLE PUBLIQUE,,Public,2 rue de l'Ecole,,,23380,GLENIC,Glénic,616949.7,6569870.8,EPSG:2154,46.22359384169885,1.9224895884482747,Parfaite,Numéro de rue,101,ECOLE MATERNELLE,1,OUVERT,23,75,22,23092,Creuse,Nouvelle-Aquitaine,Limoges,"46.2235938417,1.92248958845",99,SANS OBJET,06,MINISTERE DE L'EDUCATION NATIONALE,1967-09-01
0230399J,ECOLE MATERNELLE PUBLIQUE,ECOLE MATERNELLE PUBLIQUE,,Public,34 GRANDE RUE,,,23250,ST HILAIRE LE CHATEAU,Saint-Hilaire-le-Château,614778.4,6543125.3,EPSG:2154,45.982506935869786,1.8991596850767367,Parfaite,Numéro de rue,101,ECOLE MATERNELLE,1,OUVERT,23,75,22,23202,Creuse,Nouvelle-Aquitaine,Limoges,"45.9825069359,1.89915968508",99,SANS OBJET,06,MINISTERE DE L'EDUCATION NATIONALE,1967-09-01
0230408U,Collège Benjamin Bord,COLLEGE,BENJAMIN BORD,Public,Avenue DU DOCTEUR B BORD,,,23800,DUN LE PALESTEL,Dun-le-Palestel,597939.9,6579258.2,EPSG:2154,46.305510350912435,1.6738495152489465,Parfaite,Numéro de rue,340,COLLEGE,1,OUVERT,23,75,22,23075,Creuse,Nouvelle-Aquitaine,Limoges,"46.3055103509,1.67384951525",99,SANS OBJET,06,MINISTERE DE L'EDUCATION NATIONALE,1969-03-04
0230443G,Ecole maternelle,ECOLE MATERNELLE PUBLIQUE,,Public,1 place SAINT HUBERT,,,23000,STE FEYRE,Sainte-Feyre,616225.3,6560633.0,EPSG:2154,46.14032734495248,1.9147394211479403,Parfaite,Numéro de rue,101,ECOLE MATERNELLE,1,OUVERT,23,75,22,23193,Creuse,Nouvelle-Aquitaine,Limoges,"46.140327345,1.91473942115",99,SANS OBJET,06,MINISTERE DE L'EDUCATION NATIONALE,1969-11-18
0230447L,Ecole primaire,ECOLE PRIMAIRE PUBLIQUE,,Public,12 rue Alcide Sarre,,,23130,CHENERAILLES,Chénérailles,636240.5,6557420.3,EPSG:2154,46.113580154168375,2.1744398660418556,Parfaite,Numéro de rue,151,ECOLE DE NIVEAU ELEMENTAIRE,1,OUVERT,23,75,22,23061,Creuse,Nouvelle-Aquitaine,Limoges,"46.1135801542,2.17443986604",99,SANS OBJET,06,MINISTERE DE L'EDUCATION NATIONALE,1970-05-20
0230449N,Ecole primaire,ECOLE PRIMAIRE PUBLIQUE,,Public,1 rue des Ecoles,,,23140,PARSAC RIMONDEIX,Parsac-Rimondeix,634717.2,6567204.4,EPSG:2154,46.20153443724698,2.1533593472239563,Parfaite,Numéro de rue,151,ECOLE DE NIVEAU ELEMENTAIRE,1,OUVERT,23,75,22,23149,Creuse,Nouvelle-Aquitaine,Limoges,"46.2015344372,2.15335934722",99,SANS OBJET,06,MINISTERE DE L'EDUCATION NATIONALE,1970-05-20
0230450P,Ecole élémentaire,ECOLE ELEMENTAIRE PUBLIQUE,,Public,5 rue du Parc,,,23000,STE FEYRE,Sainte-Feyre,616289.7,6560596.7,EPSG:2154,46.140008465943964,1.9155800446471527,Parfaite,Numéro de rue,151,ECOLE DE NIVEAU ELEMENTAIRE,1,OUVERT,23,75,22,23193,Creuse,Nouvelle-Aquitaine,Limoges,"46.1400084659,1.91558004465",99,SANS OBJET,06,MINISTERE DE L'EDUCATION NATIONALE,1970-05-20
0230462C,Ecole élémentaire Chabassière,ECOLE ELEMENTAIRE PUBLIQUE,LA CLE DES CHAMPS,Public,Rue Paul Pauly,,,23200,AUBUSSON,Aubusson,634907.4,6540081.9,EPSG:2154,45.9573314394672,2.1595694740686335,Parfaite,Numéro de rue,151,ECOLE DE NIVEAU ELEMENTAIRE,1,OUVERT,23,75,22,23008,Creuse,Nouvelle-Aquitaine,Limoges,"45.9573314395,2.15956947407",99,SANS OBJET,06,MINISTERE DE L'EDUCATION NATIONALE,1971-06-18
0230465F,Ecole maternelle Jules Ferry,ECOLE MATERNELLE PUBLIQUE,JULES FERRY,Public,1 RUE JULES FESNEAU,,,23300,LA SOUTERRAINE,La Souterraine,582780.7,6571825.5,EPSG:2154,46.236130330890994,1.4787796285823176,Parfaite,Numéro de rue,101,ECOLE MATERNELLE,1,OUVERT,23,75,22,23176,Creuse,Nouvelle-Aquitaine,Limoges,"46.2361303309,1.47877962858",99,SANS OBJET,06,MINISTERE DE L'EDUCATION NATIONALE,1971-06-18
0230466G,Ecole élémentaire,ECOLE ELEMENTAIRE PUBLIQUE,,Public,8 rue Jean et Robert Judet,,,23260,CROCQ,Crocq,650940.8,6529554.9,EPSG:2154,45.863887057346744,2.367659723475838,Parfaite,Numéro de rue,151,ECOLE DE NIVEAU ELEMENTAIRE,1,OUVERT,23,75,22,23069,Creuse,Nouvelle-Aquitaine,Limoges,"45.8638870573,2.36765972348",99,SANS OBJET,06,MINISTERE DE L'EDUCATION NATIONALE,1971-06-18
0230468J,Ecole primaire privée Saint Louis,ECOLE PRIMAIRE PRIVEE,SAINT-LOUIS,Privé,7 rue William Dumazet,,,23200,AUBUSSON,Aubusson,635374.6,6539650.1,EPSG:2154,45.953487945359186,2.1656600918846722,Parfaite,Numéro de rue,151,ECOLE DE NIVEAU ELEMENTAIRE,1,OUVERT,23,75,22,23008,Creuse,Nouvelle-Aquitaine,Limoges,"45.9534879454,2.16566009188",30,CONTRAT D'ASSOCIATION TOUTES CLASSES,06,MINISTERE DE L'EDUCATION NATIONALE,1971-03-02
0230487E,Collège Martin Nadaud,COLLEGE,MARTIN NADAUD,Public,1 avenue René Cassin,,,23000,GUERET,Guéret,613134.9,6565079.9,EPSG:2154,46.17997747188956,1.8738886126512013,Parfaite,Numéro de rue,340,COLLEGE,1,OUVERT,23,75,22,23096,Creuse,Nouvelle-Aquitaine,Limoges,"46.1799774719,1.87388861265",99,SANS OBJET,06,MINISTERE DE L'EDUCATION NATIONALE,1974-04-18
0230489G,Section d'enseignement général et professionnel adapté du Collège Raymond Loewy,SEGPA,AN COL RAYMOND LOEWY,Public,1 place DE FILDERSTADT,,,23300,LA SOUTERRAINE,La Souterraine,583273.2,6572271.6,EPSG:2154,46.24023188876845,1.4850584475632838,Correcte,Numéro de rue,390,SECTION ENSEIGNT GEN. ET PROF. ADAPTE,1,OUVERT,23,75,22,23176,Creuse,Nouvelle-Aquitaine,Limoges,"46.2402318888,1.48505844756",99,SANS OBJET,06,MINISTERE DE L'EDUCATION NATIONALE,1973-04-02
0230511F,Section d'enseignement général et professionnel adapté du Collège Françoise Dolto,SEGPA,AN CLG FRANCOISE DOLTO,Public,36 rue DE LA MARCHE,,,23270,CHATELUS MALVALEIX,Châtelus-Malvaleix,624885.4,6578404.1,EPSG:2154,46.30135701804044,2.0240695739708414,Parfaite,Numéro de rue,390,SECTION ENSEIGNT GEN. ET PROF. ADAPTE,1,OUVERT,23,75,22,23057,Creuse,Nouvelle-Aquitaine,Limoges,"46.301357018,2.02406957397",99,SANS OBJET,06,MINISTERE DE L'EDUCATION NATIONALE,1978-09-01
0230512G,Ecole primaire,ECOLE PRIMAIRE PUBLIQUE,,Public,8 rue de la Mairie,,,23210,MARSAC,Marsac,590848.2,6556375.1,EPSG:2154,46.09837538097356,1.5870403811547664,Parfaite,Numéro de rue,151,ECOLE DE NIVEAU ELEMENTAIRE,1,OUVERT,23,75,22,23124,Creuse,Nouvelle-Aquitaine,Limoges,"46.098375381,1.58704038115",99,SANS OBJET,06,MINISTERE DE L'EDUCATION NATIONALE,1978-09-01
0230513H,Ecole élémentaire publique,ECOLE ELEMENTAIRE PUBLIQUE,,Public,7 rue des Ecoles,,,23320,ST VAURY,Saint-Vaury,603849.8,6568238.7,EPSG:2154,46.207162336166306,1.7528897416396145,Parfaite,Numéro de rue,151,ECOLE DE NIVEAU ELEMENTAIRE,1,OUVERT,23,75,22,23247,Creuse,Nouvelle-Aquitaine,Limoges,"46.2071623362,1.75288974164",99,SANS OBJET,06,MINISTERE DE L'EDUCATION NATIONALE,1978-09-01
0230521S,Ecole maternelle,ECOLE MATERNELLE PUBLIQUE,,Public,4 avenue Général de Gaulle,,,23230,GOUZON,Gouzon,641182.8,6566052.0,EPSG:2154,46.19175108267726,2.2373493676411726,Parfaite,Numéro de rue,101,ECOLE MATERNELLE,1,OUVERT,23,75,22,23093,Creuse,Nouvelle-Aquitaine,Limoges,"46.1917510827,2.23734936764",99,SANS OBJET,06,MINISTERE DE L'EDUCATION NATIONALE,1979-09-01
0230523U,ECOLE PRIMAIRE PUBLIQUE,ECOLE PRIMAIRE PUBLIQUE,,Public,2 route de Guéret,,,23150,AHUN,Ahun,626051.8,6554603.2,EPSG:2154,46.08717848837707,2.042970341459921,Parfaite,Numéro de rue,151,ECOLE DE NIVEAU ELEMENTAIRE,1,OUVERT,23,75,22,23001,Creuse,Nouvelle-Aquitaine,Limoges,"46.0871784884,2.04297034146",99,SANS OBJET,06,MINISTERE DE L'EDUCATION NATIONALE,1980-09-01
0230557F,Ecole maternelle,ECOLE MATERNELLE PUBLIQUE,,Public,11 rue de la Liberté,,,23000,ST SULPICE LE GUERETOIS,Saint-Sulpice-le-Guérétois,609731.2,6567474.1,EPSG:2154,46.201088839616375,1.8293095558854433,Parfaite,Numéro de rue,101,ECOLE MATERNELLE,1,OUVERT,23,75,22,23245,Creuse,Nouvelle-Aquitaine,Limoges,"46.2010888396,1.82930955589",99,SANS OBJET,06,MINISTERE DE L'EDUCATION NATIONALE,1986-09-01
0230572X,Section d'enseignement professionnel du Lycée J.Favard,SECTION ENSEIGNT PROFESSIONNEL,AN LYC J.FAVARD GUERET,Public,27 route DE COURTILLE,,,23000,GUERET,Guéret,611714.7,6563729.5,EPSG:2154,46.16763472828431,1.8557334973159072,Parfaite,Numéro de rue,334,SECTION D ENSEIGNEMENT PROFESSIONNEL,1,OUVERT,23,75,22,23096,Creuse,Nouvelle-Aquitaine,Limoges,"46.1676347283,1.85573349732",99,SANS OBJET,06,MINISTERE DE L'EDUCATION NATIONALE,1994-09-01
0230573Y,Section d'enseignement général et professionnel adapté du Collège Eugène Jamot,SEGPA,AN CLG EUGENE JAMOT,Public,1 rue WILLIAMS DUMAZET,,,23200,AUBUSSON,Aubusson,635511.4,6539625.3,EPSG:2154,45.95327763788877,2.167429479666276,Parfaite,Numéro de rue,390,SECTION ENSEIGNT GEN. ET PROF. ADAPTE,1,OUVERT,23,75,22,23008,Creuse,Nouvelle-Aquitaine,Limoges,"45.9532776379,2.16742947967",99,SANS OBJET,06,MINISTERE DE L'EDUCATION NATIONALE,1995-09-01
0230604G,ECOLE GRAINE D'ENTHOUSIASME,ECOLE ELEMENTAIRE PRIVEE,ECOLE GRAINE D'ENTHOUSIASME,Privé,Bourg LE BOURG,LE BOURG,,23600,BOUSSAC BOURG,Boussac-Bourg,832127.1,6432606.6,EPSG:2154,44.98005777815533,4.676282400071758,Mauvaise,Lieu-dit,151,ECOLE DE NIVEAU ELEMENTAIRE,1,OUVERT,23,75,22,23032,Creuse,Nouvelle-Aquitaine,Limoges,"44.9800577782,4.67628240007",10,HORS CONTRAT,06,MINISTERE DE L'EDUCATION NATIONALE,2019-09-03
0230002C,Lycée général et technologique Eugène Jamot,LYCEE GENERAL ET TECHNOLOGIQUE,EUGENE JAMOT,Public,1 rue WILLIAMS DUMAZET,,,23200,AUBUSSON,Aubusson,635462.9,6539646.8,EPSG:2154,45.95346662648151,2.166800445264207,Parfaite,Numéro de rue,300,LYCEE ENSEIGNT GENERAL ET TECHNOLOGIQUE,1,OUVERT,23,75,22,23008,Creuse,Nouvelle-Aquitaine,Limoges,"45.9534666265,2.16680044526",99,SANS OBJET,06,MINISTERE DE L'EDUCATION NATIONALE,1965-05-01
0230004E,Collège Jean Beaufret,COLLEGE,JEAN BEAUFRET,Public,19 route DE MONTLUCON,,,23700,AUZANCES,Auzances,661377.5,6547788.2,EPSG:2154,46.02874583382325,2.5006916824452596,Parfaite,Numéro de rue,340,COLLEGE,1,OUVERT,23,75,22,23013,Creuse,Nouvelle-Aquitaine,Limoges,"46.0287458338,2.50069168245",99,SANS OBJET,06,MINISTERE DE L'EDUCATION NATIONALE,1965-05-01
0230009K,Collège Henri Judet,COLLEGE,HENRI JUDET,Public,9 avenue Jules Ferry,,,23600,BOUSSAC,Boussac,640676.9,6583415.0,EPSG:2154,46.348049368486905,2.228590691376564,Parfaite,Numéro de rue,340,COLLEGE,1,OUVERT,23,75,22,23031,Creuse,Nouvelle-Aquitaine,Limoges,"46.3480493685,2.22859069138",99,SANS OBJET,06,MINISTERE DE L'EDUCATION NATIONALE,1965-05-01
0230018V,Lycée des Métiers du Bâtiment,LYCEE TECHNOLOGIQUE,DES METIERS DU BATIMENT,Public,Lieu-dit,LES GRANGES ROUTE D'AUBU,,23500,FELLETIN,Felletin,635918.1,6531846.7,EPSG:2154,45.883274247380605,2.1737305458668206,Correcte,Rue,301,LYCEE D ENSEIGNEMENT TECHNOLOGIQUE,1,OUVERT,23,75,22,23079,Creuse,Nouvelle-Aquitaine,Limoges,"45.8832742474,2.17373054587",99,SANS OBJET,06,MINISTERE DE L'EDUCATION NATIONALE,1965-05-01
0230023A,Collège Octave Gachon,COLLEGE,OCTAVE GACHON,Public,3 rue des Ecoles,,,23140,PARSAC RIMONDEIX,Parsac-Rimondeix,634741.3,6567148.2,EPSG:2154,46.201030721063255,2.1536796832546763,Parfaite,Numéro de rue,340,COLLEGE,1,OUVERT,23,75,22,23149,Creuse,Nouvelle-Aquitaine,Limoges,"46.2010307211,2.15367968325",99,SANS OBJET,06,MINISTERE DE L'EDUCATION NATIONALE,1965-05-01
0230028F,Collège Louis Durand,COLLEGE,LOUIS DURAND,Public,6 rue des Ecoles,,,23320,ST VAURY,Saint-Vaury,603957.3,6568111.5,EPSG:2154,46.20603234380025,1.7543098575774452,Parfaite,Numéro de rue,340,COLLEGE,1,OUVERT,23,75,22,23247,Creuse,Nouvelle-Aquitaine,Limoges,"46.2060323438,1.75430985758",99,SANS OBJET,06,MINISTERE DE L'EDUCATION NATIONALE,1965-05-01
0230064V,Ecole primaire,ECOLE PRIMAIRE PUBLIQUE,,Public,,LE BOURG,,23150,ST YRIEIX LES BOIS,Saint-Yrieix-les-Bois,617936.0,6556262.1,EPSG:2154,46.101181024144076,1.9376597489250782,Correcte,Ville,151,ECOLE DE NIVEAU ELEMENTAIRE,1,OUVERT,23,75,22,23250,Creuse,Nouvelle-Aquitaine,Limoges,"46.1011810241,1.93765974893",99,SANS OBJET,06,MINISTERE DE L'EDUCATION NATIONALE,1967-09-01
0230076H,Ecole primaire,ECOLE PRIMAIRE PUBLIQUE,,Public,,LE BOURG,,23200,ST ALPINIEN,Saint-Alpinien,640956.6,6542145.2,EPSG:2154,45.97646326529083,2.2374101773740653,Correcte,Ville,151,ECOLE DE NIVEAU ELEMENTAIRE,1,OUVERT,23,75,22,23179,Creuse,Nouvelle-Aquitaine,Limoges,"45.9764632653,2.23741017737",99,SANS OBJET,06,MINISTERE DE L'EDUCATION NATIONALE,1967-09-01
0230107S,Ecole primaire,ECOLE PRIMAIRE PUBLIQUE,,Public,,LE BOURG,,23600,NOUZERINES,Nouzerines,631451.7,6588043.4,EPSG:2154,46.38884933688192,2.1079602137460562,Correcte,Ville,151,ECOLE DE NIVEAU ELEMENTAIRE,1,OUVERT,23,75,22,23146,Creuse,Nouvelle-Aquitaine,Limoges,"46.3888493369,2.10796021375",99,SANS OBJET,06,MINISTERE DE L'EDUCATION NATIONALE,1967-09-01
0230116B,Ecole maternelle,ECOLE MATERNELLE PUBLIQUE,,Public,1 AVENUE GEORGES CLEMENCEAU,,,23170,CHAMBON SUR VOUEIZE,Chambon-sur-Voueize,655850.4,6565497.5,EPSG:2154,46.18787463692178,2.427580506872754,Parfaite,Numéro de rue,101,ECOLE MATERNELLE,1,OUVERT,23,75,22,23045,Creuse,Nouvelle-Aquitaine,Limoges,"46.1878746369,2.42758050687",99,SANS OBJET,06,MINISTERE DE L'EDUCATION NATIONALE,1968-10-01
0230182Y,Ecole primaire,ECOLE PRIMAIRE PUBLIQUE,ROBERT DESNOS,Public,3 place de la Mairie,,,23360,MEASNES,Méasnes,606076.3,6591405.9,EPSG:2154,46.4160648375628,1.7771104785449474,Parfaite,Numéro de rue,151,ECOLE DE NIVEAU ELEMENTAIRE,1,OUVERT,23,75,22,23130,Creuse,Nouvelle-Aquitaine,Limoges,"46.4160648376,1.77711047854",99,SANS OBJET,06,MINISTERE DE L'EDUCATION NATIONALE,1968-10-01
0230210D,Ecole primaire,ECOLE PRIMAIRE PUBLIQUE,,Public,4 rue des Ecoles,,,23110,SANNAT,Sannat,654140.5,6557925.4,EPSG:2154,46.119577057468604,2.4061500350978924,Parfaite,Numéro de rue,151,ECOLE DE NIVEAU ELEMENTAIRE,1,OUVERT,23,75,22,23167,Creuse,Nouvelle-Aquitaine,Limoges,"46.1195770575,2.4061500351",99,SANS OBJET,06,MINISTERE DE L'EDUCATION NATIONALE,1967-09-01
0230217L,Ecole maternelle,ECOLE MATERNELLE PUBLIQUE,,Public,1 place de la Mairie,,,23200,MOUTIER ROZEILLE,Moutier-Rozeille,637773.4,6535593.0,EPSG:2154,45.917179946090975,2.197159923740152,Parfaite,Numéro de rue,101,ECOLE MATERNELLE,1,OUVERT,23,75,22,23140,Creuse,Nouvelle-Aquitaine,Limoges,"45.9171799461,2.19715992374",99,SANS OBJET,06,MINISTERE DE L'EDUCATION NATIONALE,1968-10-01
0230262K,Ecole primaire,ECOLE PRIMAIRE PUBLIQUE,,Public,,LE BOURG,,23260,MAGNAT L ETRANGE,Magnat-l'Etrange,643983.8,6521769.3,EPSG:2154,45.79324409941985,2.2789097159425777,Correcte,Ville,151,ECOLE DE NIVEAU ELEMENTAIRE,1,OUVERT,23,75,22,23115,Creuse,Nouvelle-Aquitaine,Limoges,"45.7932440994,2.27890971594",99,SANS OBJET,06,MINISTERE DE L'EDUCATION NATIONALE,1967-09-01
0230285K,Ecole maternelle,ECOLE MATERNELLE PUBLIQUE,,Public,2 route des Rateries,,,23800,DUN LE PALESTEL,Dun-le-Palestel,597990.1,6579129.3,EPSG:2154,46.30435739245735,1.6745297948324704,Parfaite,Numéro de rue,101,ECOLE MATERNELLE,1,OUVERT,23,75,22,23075,Creuse,Nouvelle-Aquitaine,Limoges,"46.3043573925,1.67452979483",99,SANS OBJET,06,MINISTERE DE L'EDUCATION NATIONALE,1968-10-01
0230340V,Ecole primaire,ECOLE PRIMAIRE PUBLIQUE,,Public,,LE BOURG,,23150,SOUS PARSAT,Sous-Parsat,621101.2,6551180.9,EPSG:2154,46.05580520526313,1.9794795134656602,Correcte,Ville,151,ECOLE DE NIVEAU ELEMENTAIRE,1,OUVERT,23,75,22,23175,Creuse,Nouvelle-Aquitaine,Limoges,"46.0558052053,1.97947951347",99,SANS OBJET,06,MINISTERE DE L'EDUCATION NATIONALE,1967-10-01
0230351G,Ecole primaire,ECOLE PRIMAIRE PUBLIQUE,,Public,17 rue des Ecoles,,,23320,MONTAIGUT LE BLANC,Montaigut-le-Blanc,602344.5,6558748.9,EPSG:2154,46.12150326859508,1.7353398448217723,Parfaite,Numéro de rue,151,ECOLE DE NIVEAU ELEMENTAIRE,1,OUVERT,23,75,22,23132,Creuse,Nouvelle-Aquitaine,Limoges,"46.1215032686,1.73533984482",99,SANS OBJET,06,MINISTERE DE L'EDUCATION NATIONALE,1967-09-01
0230357N,Ecole primaire,ECOLE PRIMAIRE PUBLIQUE,,Public,,LE BOURG,,23480,ARS,Ars,628655.5,6545300.6,EPSG:2154,46.00369427906859,2.0780696178748315,Correcte,Ville,151,ECOLE DE NIVEAU ELEMENTAIRE,1,OUVERT,23,75,22,23007,Creuse,Nouvelle-Aquitaine,Limoges,"46.0036942791,2.07806961787",99,SANS OBJET,06,MINISTERE DE L'EDUCATION NATIONALE,1967-10-01
0230363V,Ecole primaire,ECOLE PRIMAIRE PUBLIQUE,,Public,47 route de Guéret,,,23380,AJAIN,Ajain,622521.0,6567902.4,EPSG:2154,46.20653179737793,1.9950896032992813,Parfaite,Numéro de rue,151,ECOLE DE NIVEAU ELEMENTAIRE,1,OUVERT,23,75,22,23002,Creuse,Nouvelle-Aquitaine,Limoges,"46.2065317974,1.9950896033",99,SANS OBJET,06,MINISTERE DE L'EDUCATION NATIONALE,1967-10-01
0230366Y,Ecole primaire,ECOLE PRIMAIRE PUBLIQUE,,Public,4 rue des Ecoles,,,23220,JOUILLAT,Jouillat,618007.5,6573770.2,EPSG:2154,46.258833129587224,1.9355300460998224,Parfaite,Numéro de rue,151,ECOLE DE NIVEAU ELEMENTAIRE,1,OUVERT,23,75,22,23101,Creuse,Nouvelle-Aquitaine,Limoges,"46.2588331296,1.9355300461",99,SANS OBJET,06,MINISTERE DE L'EDUCATION NATIONALE,1967-09-01
0230374G,Ecole primaire,ECOLE PRIMAIRE PUBLIQUE,,Public,,LE BOURG,,23000,ST VICTOR EN MARCHE,Saint-Victor-en-Marche,608479.4,6558316.5,EPSG:2154,46.11846696087085,1.8148598532674836,Correcte,Ville,151,ECOLE DE NIVEAU ELEMENTAIRE,1,OUVERT,23,75,22,23248,Creuse,Nouvelle-Aquitaine,Limoges,"46.1184669609,1.81485985327",99,SANS OBJET,06,MINISTERE DE L'EDUCATION NATIONALE,1967-09-01
0230459Z,ECOLE MATERNELLE PUBLIQUE,ECOLE MATERNELLE PUBLIQUE,,Public,Place de l'Eglise,,,23360,LOURDOUEIX ST PIERRE,Lourdoueix-Saint-Pierre,609465.3,6590574.4,EPSG:2154,46.40904239638369,1.8213902692681319,Parfaite,Numéro de rue,101,ECOLE MATERNELLE,1,OUVERT,23,75,22,23112,Creuse,Nouvelle-Aquitaine,Limoges,"46.4090423964,1.82139026927",99,SANS OBJET,06,MINISTERE DE L'EDUCATION NATIONALE,1970-09-29
0230481Y,Ecole maternelle Paul Langevin,ECOLE MATERNELLE PUBLIQUE,PAUL LANGEVIN,Public,Rue Pommeyroux,,,23000,GUERET,Guéret,613857.8,6564635.0,EPSG:2154,46.176064061433685,1.8833405274062174,Parfaite,Numéro de rue,101,ECOLE MATERNELLE,1,OUVERT,23,75,22,23096,Creuse,Nouvelle-Aquitaine,Limoges,"46.1760640614,1.88334052741",99,SANS OBJET,06,MINISTERE DE L'EDUCATION NATIONALE,1972-06-08
0230482Z,Ecole élémentaire application Jacques Prévert,ECOLE ELEMENTAIRE APPLICATION,JACQUES PREVERT,Public,48 avenue Louis Laroche,,,23000,GUERET,Guéret,612805.2,6564783.5,EPSG:2154,46.17726628871488,1.8696699949446365,Parfaite,Numéro de rue,153,ECOLE ELEMENTAIRE D APPLICATION,1,OUVERT,23,75,22,23096,Creuse,Nouvelle-Aquitaine,Limoges,"46.1772662887,1.86966999494",99,SANS OBJET,06,MINISTERE DE L'EDUCATION NATIONALE,1972-06-08
0230488F,Collège Jules Marouzeau,COLLEGE,JULES MAROUZEAU,Public,25 avenue DE LA SENATORERIE,,,23000,GUERET,Guéret,612800.2,6563573.3,EPSG:2154,46.16636908709011,1.869829712756203,Parfaite,Numéro de rue,340,COLLEGE,1,OUVERT,23,75,22,23096,Creuse,Nouvelle-Aquitaine,Limoges,"46.1663690871,1.86982971276",99,SANS OBJET,06,MINISTERE DE L'EDUCATION NATIONALE,1974-04-18
0230506A,Collège Eugène Jamot,COLLEGE,EUGENE JAMOT,Public,1 rue WILLIAMS DUMAZET,,,23200,AUBUSSON,Aubusson,635412.9,6539634.7,EPSG:2154,45.95335292025442,2.1661566229823817,Parfaite,Numéro de rue,340,COLLEGE,1,OUVERT,23,75,22,23008,Creuse,Nouvelle-Aquitaine,Limoges,"45.9533529203,2.16615662298",99,SANS OBJET,06,MINISTERE DE L'EDUCATION NATIONALE,1977-03-14
0230509D,Ecole maternelle,ECOLE MATERNELLE PUBLIQUE,,Public,Chemin de Ronde,,,23220,BONNAT,Bonnat,615742.3,6581740.9,EPSG:2154,46.33032166652582,1.90469043486469,Parfaite,Numéro de rue,101,ECOLE MATERNELLE,1,OUVERT,23,75,22,23025,Creuse,Nouvelle-Aquitaine,Limoges,"46.3303216665,1.90469043486",99,SANS OBJET,06,MINISTERE DE L'EDUCATION NATIONALE,1977-05-17
0230517M,Ecole primaire,ECOLE PRIMAIRE PUBLIQUE,,Public,2 GRANDE RUE,Grande Rue,,23300,ST MAURICE LA SOUTERRAINE,Saint-Maurice-la-Souterraine,579215.7,6569561.7,EPSG:2154,46.21512143125243,1.4331094976088588,Parfaite,Numéro de rue,151,ECOLE DE NIVEAU ELEMENTAIRE,1,OUVERT,23,75,22,23219,Creuse,Nouvelle-Aquitaine,Limoges,"46.2151214313,1.43310949761",99,SANS OBJET,06,MINISTERE DE L'EDUCATION NATIONALE,1979-09-01
0230519P,Ecole élémentaire,ECOLE ELEMENTAIRE PUBLIQUE,,Public,4 avenue du Général de Gaulle,,,23230,GOUZON,Gouzon,641177.2,6566030.6,EPSG:2154,46.191557901025234,2.237279440198591,Parfaite,Numéro de rue,151,ECOLE DE NIVEAU ELEMENTAIRE,1,OUVERT,23,75,22,23093,Creuse,Nouvelle-Aquitaine,Limoges,"46.191557901,2.2372794402",99,SANS OBJET,06,MINISTERE DE L'EDUCATION NATIONALE,1979-09-01
0230524V,Ecole élémentaire,ECOLE ELEMENTAIRE PUBLIQUE,FERNAND GORY,Public,2 chemin de la Justice,,,23700,AUZANCES,Auzances,661565.9,6547882.4,EPSG:2154,46.029604781664865,2.5031195736869063,Parfaite,Numéro de rue,151,ECOLE DE NIVEAU ELEMENTAIRE,1,OUVERT,23,75,22,23013,Creuse,Nouvelle-Aquitaine,Limoges,"46.0296047817,2.50311957369",99,SANS OBJET,06,MINISTERE DE L'EDUCATION NATIONALE,1980-09-01
0230541N,Ecole élémentaire,ECOLE ELEMENTAIRE PUBLIQUE,,Public,13 route de la Souterraine,,,23300,ST AGNANT DE VERSILLAT,Saint-Agnant-de-Versillat,585382.2,6576456.7,EPSG:2154,46.27827217509462,1.5113997625651716,Parfaite,Numéro de rue,151,ECOLE DE NIVEAU ELEMENTAIRE,1,OUVERT,23,75,22,23177,Creuse,Nouvelle-Aquitaine,Limoges,"46.2782721751,1.51139976257",99,SANS OBJET,06,MINISTERE DE L'EDUCATION NATIONALE,1981-09-01
0230566R,Ecole primaire,ECOLE PRIMAIRE PUBLIQUE,,Public,31 place du Champ de Foire,,,23160,ST SEBASTIEN,Saint-Sébastien,587215.9,6588798.0,EPSG:2154,46.38969165937549,1.5322304223231822,Parfaite,Numéro de rue,151,ECOLE DE NIVEAU ELEMENTAIRE,1,OUVERT,23,75,22,23239,Creuse,Nouvelle-Aquitaine,Limoges,"46.3896916594,1.53223042232",99,SANS OBJET,06,MINISTERE DE L'EDUCATION NATIONALE,1989-09-01
